,culture,CorM,positions,0,100,300,500,780,1000,poly_0,poly_100,poly_300,poly_500,poly_780,poly_1000,poly_1500,poly_2000,poly_2500,poly_3000,poly_3500,poly_4000,poly_4500,depth_0,depth_100,depth_300,depth_500,depth_780,depth_1000,depth_1500,depth_2000,depth_2500,depth_3000,depth_3500,depth_4000,depth_4500,entry_type,REF,ALT,mutation_detail,snp_type,evidence_type,locus_tag,gene_product,poly_2300,poly_2400,poly_2600,poly_2800,depth_2300,depth_2400,depth_2600,depth_2800,poly_1200,depth_1200
0,HR2,C,156264,0,0.474680901,1,1,1,1,0,0.474680901,0.994880676,1,1,1,1,0,0,0,0,0,0,0,158,195,101,77,54,370,0,0,0,0,0,0,SNP,A,T,T,nonsynonymous,RA,MMP0146,hypothetical protein,,,,,,,,,,
1,HR2,C,175754,0,0,1,1,1,1,0,0,0.983243942,0.992316246,1,1,0.993942261,0,0,0,0,0,0,0,0,537,260,282,35,330,0,0,0,0,0,0,INS,.,C,C,,RA,MMP0166,MATE family drug/sodium antiporter,,,,,,,,,,
2,HR2,C,356167,0,0,0,0,0,0.512229387,0,0,0,0,0,0.512229387,0,0,0,0,0,0,0,0,0,0,0,0,,0,0,0,0,0,0,0,INS,NC_005791,356167,GCTCTAAATCCGGATTGTGAGTCG,,JC,MMP0359,glycosyl transferase,,,,,,,,,,
3,HR2,C,421352,0,0,1,1,1,1,0,0,0.969704628,0.999369621,1,1,1,0,0,0,0,0,0,0,0,1251,1475,659,48,416,0,0,0,0,0,0,SNP,T,C,C,nonsynonymous,RA,MMP0419,sodium:neurotransmitter symporter,,,,,,,,,,
4,HR2,C,635006,0,0.5785923,1,1,1,1,0,0.5785923,1,1,1,1,1,0,0,0,0,0,0,0,744,996,648,710,34,398,0,0,0,0,0,0,SNP,C,T,T,nonsynonymous,RA,MMP0643,hypothetical protein,,,,,,,,,,
5,HR2,C,1068004,0,0.266759396,0,0,0,0,0,0.266759396,0,0,0,0,0,0,0,0,0,0,0,0,416,0,0,0,0,0,0,0,0,0,0,0,SNP,C,T,T,nonsynonymous,RA,MMP1077,phosphoglucomutase/phosphomannomutase,,,,,,,,,,
6,HR2,C,1341209,0,0,0.876315789,1,1,1,0,0,0.876315789,0.98928548,1,1,0,0,0,0,0,0,0,0,0,,,,0,0,0,0,0,0,0,0,INS,NC_005791,1341209,GAA,,JC,MMP1362,DNA-directed RNA polymerase subunit B',,,,,,,,,,
7,HR2,C,1439721,0,0,0,0.234358311,1,1,0,0,0,0.234358311,0.993120193,1,1,0,0,0,0,0,0,0,0,0,406,290,31,439,0,0,0,0,0,0,SNP,C,T,T,intergenic,RA,MMP1478/MMP1479,"cobyrinic acid a,c-diamide synthase:cobyrinic acid a,c-diamide synthase CbiA/hypothetical protein",,,,,,,,,,
8,HR2,C,1469820,0,0,0,0.227752209,1,1,0,0,0,0.227752209,0.993883133,1,0.99834919,0,0,0,0,0,0,0,0,0,825,485,53,505,0,0,0,0,0,0,SNP,C,T,T,nonsynonymous,RA,MMP1511,amino acid carrier protein,,,,,,,,,,
9,HA3,C,51226,0,0,1,1,1,1,0,0,1,0.9991045,1,1,1,,0,0,0,0,0,0,0,488,392,154,43,126,,0,0,0,0,0,SNP,C,T,T,nonsynonymous,RA,MMP0033,LysR family protein,,,,,,,,,,
10,HA3,C,66091,0,0,0,0,0,1,0,0,0,0,0,0.863608837,1,,0,0,0,0,0,0,0,0,0,0,44,161,,0,0,0,0,0,SNP,C,A,A,synonymous,RA,MMP0049,carbonic anhydrase,,,,,,,,,,
11,HA3,C,227015,0,0,0,0.076536179,0.525259972,0,0,0,0,0.076536179,0.525259972,0,0,,0,0,0,0,0,0,0,0,290,167,0,0,,0,0,0,0,0,SNP,T,G,G,nonsynonymous,RA,MMP0219,manganese-dependent inorganic pyrophosphatase,,,,,,,,,,
12,HA3,C,354511,0,0,0,0,0.515768528,0,0,0,0,0,0.515768528,0,0,,0,0,0,0,0,0,0,0,0,95,0,0,,0,0,0,0,0,SNP,C,T,T,nonsynonymous,RA,MMP0357,UDP-N-acetylglucosamine 2-epimerase,,,,,,,,,,
13,HA3,C,375056,0,1,1,1,1,1,0,1,1,1,1,1,1,,0,0,0,0,0,0,134,50,177,88,45,162,,0,0,0,0,0,SNP,T,C,C,synonymous,RA,MMP0378,amidohydrolase,,,,,,,,,,
14,HA3,C,420555,0,0.869998932,0,0,0,0,0,0.869998932,0,0,0,0,0,,0,0,0,0,0,0,400,0,0,0,0,0,,0,0,0,0,0,DEL,A,.,1,,RA,MMP0419,sodium:neurotransmitter symporter,,,,,,,,,,
15,HA3,C,421297,0,0,0,0,0,1,0,0,0,0,0,0.86819458,1,,0,0,0,0,0,0,0,0,0,0,53,198,,0,0,0,0,0,SNP,G,A,A,nonsynonymous,RA,MMP0419,sodium:neurotransmitter symporter,,,,,,,,,,
16,HA3,C,421656,0,0,0,0.060779572,0.486890793,0,0,0,0,0.060779572,0.486890793,0,0,,0,0,0,0,0,0,0,0,599,267,0,0,,0,0,0,0,0,SNP,A,T,T,nonsynonymous,RA,MMP0419,sodium:neurotransmitter symporter,,,,,,,,,,
17,HA3,C,421795,0,0,0,0.075489521,0.451292038,0,0,0,0,0.075489521,0.451292038,0,0,,0,0,0,0,0,0,0,0,836,308,0,0,,0,0,0,0,0,SNP,A,G,G,nonsynonymous,RA,MMP0419,sodium:neurotransmitter symporter,,,,,,,,,,
18,HA3,C,619683,0,0,0,0,0.39498806,0,0,0,0,0,0.39498806,0,0,,0,0,0,0,0,0,0,0,0,200,0,0,,0,0,0,0,0,SNP,A,G,G,nonsynonymous,RA,MMP0626,cytidylate kinase,,,,,,,,,,
19,HA3,C,696182,0,1,1,1,1,1,0,1,1,1,1,1,1,,0,0,0,0,0,0,311,209,112,63,23,147,,0,0,0,0,0,SNP,T,C,C,nonsynonymous,RA,MMP0705,UDP-N-acetylglucosamine 2-epimerase,,,,,,,,,,
20,HA3,C,973056,0,1,1,1,1,1,0,0.988793373,1,1,1,1,1,,0,0,0,0,0,0,446,259,237,79,35,126,,0,0,0,0,0,SNP,T,G,G,synonymous,RA,MMP0986,thymidylate synthase,,,,,,,,,,
21,HA3,C,1154316,0,1,1,1,1,1,0,1,1,1,1,1,1,,0,0,0,0,0,0,151,81,105,88,27,160,,0,0,0,0,0,SNP,T,C,C,nonsynonymous,RA,MMP1170,glycosyl transferase,,,,,,,,,,
22,HA3,C,1283411,0,0,0,0.095109463,0.469156265,0,0,0,0,0.095109463,0.469156265,0,0,,0,0,0,0,0,0,0,0,545,243,0,0,,0,0,0,0,0,SNP,C,T,T,nonsynonymous,RA,MMP1297,formate dehydrogenase subunit beta,,,,,,,,,,
23,HA3,C,1342414,0,0,0,0,0,1,0,0,0,0,0,0.934772015,1,,0,0,0,0,0,0,0,0,0,0,46,163,,0,0,0,0,0,SNP,G,T,T,nonsynonymous,RA,MMP1362,DNA-directed RNA polymerase subunit B',,,,,,,,,,
24,HA3,C,1469235,0,0,0,0.071778297,0.593045712,0,0,0,0,0.071778297,0.593045712,0,0,,0,0,0,0,0,0,0,0,682,258,0,0,,0,0,0,0,0,SNP,T,C,C,nonsynonymous,RA,MMP1511,amino acid carrier protein,,,,,,,,,,
25,HA3,C,1470228,0,0,0,0,0.503857613,1,0,0,0,0,0.503857613,0.90712738,1,,0,0,0,0,0,0,0,0,0,129,43,197,,0,0,0,0,0,SNP,C,T,T,nonsynonymous,RA,MMP1511,amino acid carrier protein,,,,,,,,,,
26,HE3,C,59382,0,0,0.065076828,0,1,0.186411381,0,0,0.065076828,0,1,0.186411381,0,,0,0,0,0,0,0,0,261,0,247,236,0,,0,0,0,0,0,SNP,T,A,A,nonsynonymous,RA,MMP0041,transcription initiation factor IIB,,,,,,,,,,
27,HE3,C,217112,0,0,0,0,0,0.813177109,0,0,0,0,0,0.813177109,0.989227295,,0,0,0,1,1,0,0,0,0,0,209,185,,0,0,0,441,79,SNP,A,C,C,nonsynonymous,RA,MMP0209,hypothetical protein,,,,,,,,,,
28,HE3,C,241893,0,1,1,1,1,0.161383629,0,0.989720345,1,1,1,0.161383629,0,,0,0,0,0,0,0,1746,378,3024,311,285,0,,0,0,0,0,0,SNP,A,G,G,nonsynonymous,RA,MMP0234,hypothetical protein,,,,,,,,,,
29,HE3,C,332668,0,0,0.233249202,0,1,0.186626853,0,0,0.233249202,0,1,0.186626853,0,,0,0,0,0,0,0,0,,0,,,0,,0,0,0,0,0,DEL,NC_005791,332667,3,,JC,MMP0335,hypothetical protein,,,,,,,,,,
30,HE3,C,332699,0,0.34260273,0.163335323,0,0,0,0,0.34260273,0.163335323,0,0,0,0,,1,0.969432831,1,0,0,0,467,251,0,0,0,0,,79,229,228,0,0,DEL,T,.,1,,RA,MMP0335,hypothetical protein,,,,,,,,,,
31,HE3,C,354198,0,0,0,0,0,1,0,0,0,0,0,0.616765022,0,,0,0,0,0,0,0,0,0,0,0,167,0,,0,0,0,0,0,DEL,T,.,1,,RA,MMP0357,UDP-N-acetylglucosamine 2-epimerase,,,,,,,,,,
32,HE3,C,420625,0,0,0,0,0.346830858,0.108314421,0,0,0,0,0.346830858,0.108314421,0,,0,0,0,0,0,0,0,0,0,,,0,,0,0,0,0,0,INS,NC_005791,420625,TTTAATTCCTTATTTTGTTGCTTTATTGTTTGTTGGTA,,JC,MMP0419,sodium:neurotransmitter symporter,,,,,,,,,,
33,HE3,C,420635,0,0,0,0.537164211,0,0,0,0,0,0.537164211,0,0,0,,0,0,0,0,0,0,0,0,834,0,0,0,,0,0,0,0,0,DEL,T,.,1,,RA,MMP0419,sodium:neurotransmitter symporter,,,,,,,,,,
34,HE3,C,421178,0,0,0,0.359064102,0,0,0,0,0,0.359064102,0,0,0,,0,0,0,0,0,0,0,0,1575,0,0,0,,0,0,0,0,0,SNP,T,G,G,nonsynonymous,RA,MMP0419,sodium:neurotransmitter symporter,,,,,,,,,,
35,HE3,C,421502,0,0,0,0,0,0.80957222,0,0,0,0,0,0.80957222,1,,0,0,0,0,0,0,0,0,0,0,294,177,,0,0,0,0,0,SNP,A,G,G,nonsynonymous,RA,MMP0419,sodium:neurotransmitter symporter,,,,,,,,,,
36,HE3,C,421798,0,0,0,0,0.505671978,0.068508625,0,0,0,0,0.505671978,0.068508625,0,,0,0,0,0,0,0,0,0,0,265,248,0,,0,0,0,0,0,SNP,G,A,A,nonsynonymous,RA,MMP0419,sodium:neurotransmitter symporter,,,,,,,,,,
37,HE3,C,423379,0,0,0,0,0.300357819,0.053288937,0,0,0,0,0.300357819,0.053288937,0,,0,0,0,0,0,0,0,0,0,253,300,0,,0,0,0,0,0,SNP,A,G,G,nonsynonymous,RA,MMP0421,hypothetical protein,,,,,,,,,,
38,HE3,C,682398,0,0,0,1,0,0,0,0,0,1,0,0,0,,0,0,0,0,0,0,0,0,924,0,0,0,,0,0,0,0,0,SNP,G,A,A,nonsynonymous,RA,MMP0694,beta-lactamase-like protein,,,,,,,,,,
39,HE3,C,683884,0,0,0,0,0,0.838634968,0,0,0,0,0,0.838634968,0.993756294,,0,0,0,0,0,0,0,0,0,0,192,158,,0,0,0,0,0,SNP,T,C,C,nonsynonymous,RA,MMP0694,beta-lactamase-like protein,,,,,,,,,,
40,HE3,C,830962,0,0,0,0,0.381382465,0.114524364,0,0,0,0,0.381382465,0.114524364,0,,0,0,0,0,0,0,0,0,0,215,192,0,,0,0,0,0,0,SNP,G,A,A,nonsynonymous,RA,MMP0835,hypothetical protein,,,,,,,,,,
41,HE3,C,926993,0,1,1,0,1,0.199982166,0,1,1,0,1,0.199982166,0,,0,0,0,0,0,0,493,204,0,223,200,0,,0,0,0,0,0,SNP,G,C,C,nonsynonymous,RA,MMP0939,HAD superfamily (subfamily IA) hydrolase,,,,,,,,,,
42,HE3,C,1198598,0,0,0,0.598397732,0,0,0,0,0,0.598397732,0,0,0,,0,0,0,0,0,0,0,0,1724,0,0,0,,0,0,0,0,0,SNP,C,A,A,nonsynonymous,RA,MMP1211,hypothetical protein,,,,,,,,,,
43,HE3,C,1216666,0,0,0,0,0,1,0,0,0,0,0,0.836900711,1,,0,0,0,0,0,0,0,0,0,0,141,133,,0,0,0,0,0,SNP,G,A,A,nonsynonymous,RA,MMP1227,cobalt-precorrin-6Y C(5)-methyltransferase,,,,,,,,,,
44,HE3,C,1290269,0,0,0,0.571923256,0,0,0,0,0,0.571923256,0,0,0,,0,0,0,0,0,0,0,0,1175,0,0,0,,0,0,0,0,0,INS,.,A,A,,RA,MMP1303,sensory transduction histidine kinase,,,,,,,,,,
45,HE3,C,1342458,0,0,0,0,0,0.827881813,0,0,0,0,0,0.827881813,0.994072914,,0,0,0,0,0,0,0,0,0,0,273,167,,0,0,0,0,0,SNP,G,A,A,nonsynonymous,RA,MMP1362,DNA-directed RNA polymerase subunit B',,,,,,,,,,
46,HE3,C,1405886,0,0,0.376342773,0,0,0,0,0,0.376342773,0,0,0,0,,0,0,0,0,0,0,0,279,0,0,0,0,,0,0,0,0,0,SNP,C,T,T,nonsynonymous,RA,MMP1434,transcription antitermination protein NusG,,,,,,,,,,
47,HE3,C,1469091,0,0,0,0.369940758,0,0,0,0,0,0.369940758,0,0,0,,0,0,0,0,0,0,0,0,1334,0,0,0,,0,0,0,0,0,SNP,C,T,T,nonsynonymous,RA,MMP1511,amino acid carrier protein,,,,,,,,,,
48,HE3,C,1469498,0,0,0,0,0,1,0,0,0,0,0,0.75233984,0.99506855,,0,0,0,0,0,0,0,0,0,0,214,201,,0,0,0,0,0,INS,.,C,C,,RA,MMP1511,amino acid carrier protein,,,,,,,,,,
49,HE3,C,1469828,0,0,0.749966145,0,1,0.172164917,0,0,0.749966145,0,1,0.172164917,0,,0,0,0,0,0,0,0,296,0,279,273,0,,0,0,0,0,0,SNP,C,T,T,nonsynonymous,RA,MMP1511,amino acid carrier protein,,,,,,,,,,
50,HE3,C,1558340,0,0,0,1,0,0,0,0,0,1,0,0,0,,0,0,0,0,0,0,0,0,518,0,0,0,,0,0,0,0,0,SNP,C,A,A,nonsynonymous,RA,MMP1611,hypothetical protein,,,,,,,,,,
51,HR3,C,174740,0,0,0,0,0,1,0,0,0,0,0,0.749999523,,,,,,,,0,0,0,0,0,80,,,,,,,,DEL,T,.,1,,RA,MMP0166,MATE family drug/sodium antiporter,,,,,,,,,,
52,HR3,C,231175,0,1,0,0,0,0,0,1,0,0,0,0,,,,,,,,0,216,0,0,0,0,,,,,,,,DEL,A,.,1,,RA,MMP0224,glutamate-1-semialdehyde aminotransferase,,,,,,,,,,
53,HR3,C,332699,0,0,0.110291004,1,1,1,0,0,0.110291004,0.958333969,1,1,,,,,,,,0,0,136,168,69,80,,,,,,,,DEL,T,.,1,,RA,MMP0335,hypothetical protein,,,,,,,,,,
54,HR3,C,354559,0,0,0,0,0,1,0,0,0,0,0,0.757145405,,,,,,,,0,0,0,0,0,70,,,,,,,,INS,.,T,T,,RA,MMP0357,UDP-N-acetylglucosamine 2-epimerase,,,,,,,,,,
55,HR3,C,421522,0,0,0,1,1,1,0,0,0,0.917525768,0.997436523,1,,,,,,,,0,0,0,194,390,73,,,,,,,,DEL,A,.,1,,RA,MMP0419,sodium:neurotransmitter symporter,,,,,,,,,,
56,HR3,C,464226,0,0,0,1,1,1,0,0,0,0.828220844,1,1,,,,,,,,0,0,0,163,164,86,,,,,,,,DEL,G,.,1,,RA,MMP0466,hypothetical protein,,,,,,,,,,
57,HR3,C,940428,0,0,0.819765091,1,1,1,0,0,0.819765091,0.968427658,1,1,,,,,,,,0,0,133,158,341,59,,,,,,,,SNP,A,G,G,nonsynonymous,RA,MMP0952,translation initiation factor IF-5A,,,,,,,,,,
58,HR3,C,1067823,0,1,0,0,0,0,0,1,0,0,0,0,,,,,,,,0,181,0,0,0,0,,,,,,,,SNP,G,A,A,nonsynonymous,RA,MMP1077,phosphoglucomutase/phosphomannomutase,,,,,,,,,,
59,HR3,C,1068372,0,0,1,1,1,1,0,0,0.98891449,1,1,0.986715317,,,,,,,,0,0,90,156,507,75,,,,,,,,SNP,A,C,C,nonsynonymous,RA,MMP1077,phosphoglucomutase/phosphomannomutase,,,,,,,,,,
60,HR3,C,1290303,0,0,0,1,1,1,0,0,0,0.958583832,0.994725227,1,,,,,,,,0,0,0,169,378,75,,,,,,,,INS,.,A,A,,RA,MMP1303,sensory transduction histidine kinase,,,,,,,,,,
61,HR3,C,1440022,0,0,0,0.823702335,1,1,0,0,0,0.823702335,0.977274895,1,,,,,,,,0,0,0,227,44,96,,,,,,,,SNP,G,A,A,nonsynonymous,RA,MMP1479,hypothetical protein,,,,,,,,,,
62,HR3,C,1461552,0,0,0,0,0,0.77104187,0,0,0,0,0,0.77104187,,,,,,,,0,0,0,0,0,96,,,,,,,,SNP,A,G,G,intergenic,RA,MMP1500/MMP1501,cell division protein FtsZ/phosphodiesterase,,,,,,,,,,
63,HR3,C,1470009,0,0,0.701753616,0,0,0,0,0,0.701753616,0,0,0,,,,,,,,0,0,114,0,0,0,,,,,,,,DEL,A,.,2,,RA,MMP1511,amino acid carrier protein,,,,,,,,,,
64,UR1,C,106430,0,0,0.800028801,0,0,0,0,0,0.800028801,0,0,0,0,,,0,0,0,0,0,0,80,0,0,0,0,,,0,0,0,0,SNP,G,A,A,nonsynonymous,RA,MMP0096,GntR family transcriptional regulator,0,0,0,0,0,0,0,0,,
65,UR1,C,174740,0,0,0,1,1,1,0,0,0,0.900429249,0.954545975,0.983958244,0.984772682,,,0.975880623,0.976654053,0.974359512,0.9375,0,0,0,331,88,187,394,,,2860,257,117,16,DEL,T,.,1,,RA,MMP0166,MATE family drug/sodium antiporter,0.978215218,0.968530655,0.971972466,0.977027893,918,625,783,1201,,
66,UR1,C,263118,0,0,0,0,0,0.320862317,0,0,0,0,0,0.320862317,0,,,0,0,0,0,0,0,0,0,0,,0,,,0,0,0,0,INS,NC_005791,263118,CTGTTTTTGTTGCTGTTGTTGCTGAGC,,JC,MMP0262/MMP0263,hypothetical protein/tyrosyl-tRNA synthetase,0,0,0,0,0,0,0,0,,
67,UR1,C,295416,0,0,0,0,0.082766533,0.507670403,0,0,0,0,0.082766533,0.507670403,0,,,0,0,0,0,0,0,0,0,157,315,0,,,0,0,0,0,SNP,C,T,T,nonsynonymous,RA,MMP0295,homoserine kinase,0,0,0,0,0,0,0,0,,
68,UR1,C,324573,0,0,0,0,0.333273411,1,0,0,0,0,0.333273411,0.579734802,0,,,0,0,0,0,0,0,0,0,156,150,0,,,0,0,0,0,SNP,G,A,A,nonsynonymous,RA,MMP0327,thymidine phosphorylase,0,0,0,0,0,0,0,0,,
69,UR1,C,332700,0,0,1,1,1,1,0,0,0.964291573,1,1,0.968574524,0.99729538,,,0.996735573,0.990452766,1,1,0,0,112,404,149,318,369,,,2754,314,94,11,INS,.,A,A,,RA,MMP0335,hypothetical protein,0.997932434,0.991420746,0.998799324,0.996406555,966,699,800,1112,,
70,UR1,C,364143,0,0,0,0,0,0.489717007,0,0,0,0,0,0.489717007,0,,,0,0,0,0,0,0,0,0,0,243,0,,,0,0,0,0,SNP,A,C,C,synonymous,RA,MMP0367,hypothetical protein,0,0,0,0,0,0,0,0,,
71,UR1,C,420656,0,0.563343048,1,1,1,1,0,0.563343048,0.990150452,0.993444443,1,0.987558365,1,,,0.999018669,0.997432709,1,1,0,371,202,585,243,235,530,,,2862,386,150,23,SNP,G,A,A,nonsynonymous,RA,MMP0419,sodium:neurotransmitter symporter,1,0.998291969,1,1,954,623,915,1136,,
72,UR1,C,827039,0,0,0,0,0.252509117,0.653012276,0,0,0,0,0.252509117,0.653012276,0,,,0,0,0,0,0,0,0,0,99,173,0,,,0,0,0,0,SNP,G,T,T,nonsynonymous,RA,MMP0832,ferredoxin,0,0,0,0,0,0,0,0,,
73,UR1,C,989485,0,0,0,0.068419457,0.312901974,0.616383076,0,0,0,0.068419457,0.312901974,0.616383076,0,,,0,0,0,0,0,0,0,425,147,198,0,,,0,0,0,0,SNP,T,C,C,synonymous,RA,MMP1005,anthranilate synthase component II,0,0,0,0,0,0,0,0,,
74,UR1,C,1163789,0,0.093947887,1,1,1,1,0,0.093947887,0.989948273,0.985645294,1,0.99122715,1,,,0.999615669,1,1,1,0,474,197,687,208,168,507,,,2788,387,160,40,SNP,G,A,A,synonymous,RA,MMP1180,hypothetical protein,1,1,1,1,900,559,778,1079,,
75,UR1,C,1290303,0,1,1,1,1,1,0,0.540124893,0.993754387,0.955815315,0.986963272,0.93941164,0.995723724,,,0.826796532,0,0.628933907,0,0,511,160,724,230,198,467,,,2523,0,159,0,INS,.,A,A,,RA,MMP1303,sensory transduction histidine kinase,0.965886116,0.697481632,0.948399544,0.979169846,850,595,717,1008,,
76,UR1,C,1342345,0,0,0.181888563,1,1,1,0,0,0.181888563,0.974050922,1,0.977129737,1,,,0.999628186,1,1,1,0,0,,,,,,,,,,,,INS,NC_005791,1342346,TGC,,JC,MMP1362,DNA-directed RNA polymerase subunit B',1,1,1,1,,,,,,
77,UR1,C,1469091,0,0,0,0,0.062204838,0.274176598,0,0,0,0,0.062204838,0.274176598,1,,,1,1,0.995760918,1,0,0,0,0,273,248,527,,,2918,404,215,29,SNP,C,T,T,nonsynonymous,RA,MMP1511,amino acid carrier protein,1,0.998491287,1,1,1079,712,876,1171,,
78,UR1,C,1469342,0,0,0,0,0.077793121,0.504006386,0,0,0,0,0.077793121,0.504006386,0,,,0,0,0,0,0,0,0,0,436,252,0,,,0,0,0,0,SNP,A,G,G,nonsynonymous,RA,MMP1511,amino acid carrier protein,0,0,0,0,0,0,0,0,,
79,UR1,C,1558438,0,0,0,0,0,0.247956753,0,0,0,0,0,0.247956753,0.999914169,,,1,1,1,1,0,0,0,0,0,193,480,,,3024,364,131,28,SNP,G,A,A,nonsynonymous,RA,MMP1611,hypothetical protein,1,1,1,0.999275208,980,685,857,1263,,
80,UR1,C,1622118,0,0,0,0.450707436,0.255212784,0.373038292,0,0,0,0.450707436,0.255212784,0.373038292,1,,,0.999949455,1,1,1,0,0,0,508,192,276,452,,,3224,309,103,16,SNP,C,T,T,nonsynonymous,RA,MMP1680,glucosamine--fructose-6-phosphate aminotransferase,0.999099731,0.995931625,1,0.999254227,1061,723,992,1289,,
81,UR1,C,1654606,0,0,1,1,1,1,0,0,1,1,1,0.98773098,1,,,0.999385834,0.996815681,1,1,0,0,77,319,64,326,441,,,2846,314,137,26,DEL,T,.,1,,RA,MMP1718,hypothetical protein,0.998880386,1,0.998739243,0.998196602,893,597,793,1103,,
82,US1,C,31330,0,0.309565067,0,0,0,0,0,0.309565067,0,0,0,0,0,0,0,0,0,0,0,0,269,0,0,0,0,0,0,0,0,0,0,0,SNP,T,C,C,nonsynonymous,RA,MMP0023,hypothetical protein,,,,,,,,,,
83,US1,C,332582,0,0.279280186,0,0,0,0,0,0.279280186,0,0,0,0,0,0,0,0,0,0,0,0,179,0,0,0,0,0,0,0,0,0,0,0,SNP,A,G,G,nonsynonymous,RA,MMP0335,hypothetical protein,,,,,,,,,,
84,US1,C,332699,0,0,1,1,1,1,0,0,1,0.990465164,1,0.997326851,1,1,1,1,1,1,1,0,0,226,523,103,374,342,163,208,311,85,198,200,DEL,T,.,1,,RA,MMP0335,hypothetical protein,,,,,,,,,,
85,US1,C,420540,0,0.224628448,0,0,0,0,0,0.224628448,0,0,0,0,0,0,0,0,0,0,0,0,138,0,0,0,0,0,0,0,0,0,0,0,DEL,T,.,1,,RA,MMP0419,sodium:neurotransmitter symporter,,,,,,,,,,
86,US1,C,420611,0,0.338201046,0,0,0,0,0,0.338201046,0,0,0,0,0,0,0,0,0,0,0,0,204,0,0,0,0,0,0,0,0,0,0,0,SNP,T,C,C,nonsynonymous,RA,MMP0419,sodium:neurotransmitter symporter,,,,,,,,,,
87,US1,C,421201,0,0.282888412,1,1,1,1,0,0.282888412,0.993813515,0.991095543,1,0.984127045,1,1,1,1,1,1,1,0,304,323,935,124,315,424,204,222,398,127,217,223,DEL,C,.,1,,RA,MMP0419,sodium:neurotransmitter symporter,,,,,,,,,,
88,US1,C,646987,0,0,1,1,1,1,0,0,0.990942001,1,1,0.977887154,1,1,0.989502907,1,1,1,1,0,0,110,272,37,269,375,180,190,302,90,199,241,SNP,T,G,G,intergenic,RA,MMP0655/MMP0656,hypothetical protein/hypothetical protein,,,,,,,,,,
89,US1,C,910913,0,0.277727604,0,0,0,0,0,0.277727604,0,0,0,0,0,0,0,0,0,0,0,0,72,0,0,0,0,0,0,0,0,0,0,0,SNP,A,G,G,nonsynonymous,RA,MMP0921,"RNAse P, Rpr2/Rpp21 subunit",,,,,,,,,,
90,US1,C,1091857,0,0,0,0.474780194,0,0,0,0,0,0.474780194,0,0,0,0,0,0,0,0,0,0,0,0,,0,0,0,0,0,0,0,0,0,INS,NC_005791,1091858,AAATTA,,JC,MMP1098/MMP1099,phosphate ABC transporter ATP-binding protein/phosphate transporter PhoU,,,,,,,,,,
91,US1,C,1177873,0,0.262078762,0,0,0,0,0,0.262078762,0,0,0,0,0,0,0,0,0,0,0,0,441,0,0,0,0,0,0,0,0,0,0,0,SNP,A,G,G,synonymous,RA,MMP1193,hypothetical protein,,,,,,,,,,
92,US1,C,1217161,0,0,0,0,0,0.235278606,0,0,0,0,0,0.235278606,1,1,1,1,1,0.99280262,1,0,0,0,0,0,276,235,124,145,259,85,137,173,SNP,T,C,C,nonsynonymous,RA,MMP1227,cobalt-precorrin-6Y C(5)-methyltransferase,,,,,,,,,,
93,US1,C,1217222,0,0,0,0,1,0.694105148,0,0,0,0,0.692314148,0.694105148,0,0,0,0,0,0,0,0,0,0,0,26,256,0,0,0,0,0,0,0,SNP,T,A,A,nonsynonymous,RA,MMP1227,cobalt-precorrin-6Y C(5)-methyltransferase,,,,,,,,,,
94,US1,C,1220288,0,0,0,0,0.52174902,0.694506168,0,0,0,0,0.52174902,0.694506168,0,0,0,0,0,0,0,0,0,0,0,23,278,0,0,0,0,0,0,0,SNP,T,G,G,nonsynonymous,RA,MMP1232,PP-loop domain-containing protein,,,,,,,,,,
95,US1,C,1290303,0,0,1,1,1,1,0,0,0.931751251,0.972234726,0.975214958,0.963476181,0.991941452,0.987582207,0.974749565,0.992005348,1,0.978265762,0.984132767,0,0,293,756,121,301,372,161,198,375,98,230,252,INS,.,A,A,,RA,MMP1303,sensory transduction histidine kinase,,,,,,,,,,
96,US1,C,1343577,0,0,1,1,1,1,0,0,1,0.99885273,1,0.992303848,1,1,0.995847702,1,1,1,1,0,0,286,836,116,259,413,180,240,320,94,214,233,SNP,A,T,T,nonsynonymous,RA,MMP1363,DNA-directed RNA polymerase subunit A',,,,,,,,,,
97,US1,C,1429950,0,0,0,1,1,1,0,0,0,0.971968651,1,1,1,1,1,1,1,1,1,0,0,0,214,36,168,411,164,208,399,94,231,251,SNP,A,C,C,intergenic,RA,MMP1468/MMP1469,hypothetical protein/monovalent cation/H+ antiporter subunit E,,,,,,,,,,
98,US1,C,1654587,0,0,1,1,1,1,0,0,0.982398033,1,1,0.973226547,1,1,1,1,1,1,0.996237755,0,0,227,747,78,372,367,172,226,380,95,210,265,SNP,T,A,A,nonsynonymous,RA,MMP1718,hypothetical protein,,,,,,,,,,
99,US1,C,1659186,0,0,1,1,1,1,0,0,0.993371964,0.997756958,1,0.982872009,1,1,1,1,1,1,1,0,0,298,865,105,317,457,230,206,350,141,206,254,SNP,G,A,A,nonsynonymous,RA,MMP1720,hypothetical protein,,,,,,,,,,
100,UE3,C,216934,0,0,0,0,0,0.893499374,0,0,0,0,0,0.893499374,0.825276852,,,,1,1,1,0,0,0,0,0,216,990,,,,180,39,47,SNP,T,A,A,nonsynonymous,RA,MMP0209,hypothetical protein,,,,,,,,,0.054386616,1509
101,UE3,C,266990,0,0,0,0,0.235713482,0,0,0,0,0,0.235713482,0,0,,,,0,0,0,0,0,0,0,280,0,0,,,,0,0,0,SNP,G,A,A,nonsynonymous,RA,MMP0266,MarC family integral membrane protein,,,,,,,,,0,0
102,UE3,C,332699,0,0.740352631,0,0,0,0,0,0.740352631,0,0,0,0,0,,,,0,0,0,0,1529,0,0,0,0,0,,,,0,0,0,DEL,T,.,1,,RA,MMP0335,hypothetical protein,,,,,,,,,0,0
103,UE3,C,332701,0,0.166124821,1,1,1,0,0,0.166124821,0.952702999,0.997515678,1,0,0,,,,0,0,0,0,1547,1184,1201,184,0,0,,,,0,0,0,DEL,A,.,1,,RA,MMP0335,hypothetical protein,,,,,,,,,0,0
104,UE3,C,420683,0,0,0,0,0,1,0,0,0,0,0,1,0.998892784,,,,1,1,1,0,0,0,0,0,172,841,,,,167,43,59,SNP,T,C,C,nonsynonymous,RA,MMP0419,sodium:neurotransmitter symporter,,,,,,,,,0.978552818,1347
105,UE3,C,421400,0,0.750938416,0,0,0,0,0,0.750938416,0,0,0,0,0,,,,0,0,0,0,1428,0,0,0,0,0,,,,0,0,0,SNP,G,A,A,nonsynonymous,RA,MMP0419,sodium:neurotransmitter symporter,,,,,,,,,0,0
106,UE3,C,421946,0,0.179774284,1,1,1,0,0,0.179774284,0.960894585,1,1,0,0,,,,0,0,0,0,1267,922,983,760,0,0,,,,0,0,0,SNP,G,A,A,nonsense,RA,MMP0419,sodium:neurotransmitter symporter,,,,,,,,,0,0
107,UE3,C,458110,0,0,0.256063563,0,0,0,0,0,0.256063563,0,0,0,0,,,,0,0,0,0,0,,0,0,0,0,,,,0,0,0,INS,NC_005791,458110,CTTAGAAATACCTTAGAAATACCTTAGAAATACCTTAGAAATACCTTAGAAATACCTTAGAAATAC,,JC,MMP0460/MMP0461,hypothetical protein/hypothetical protein,,,,,,,,,0,0
108,UE3,C,1216666,0,0,0,0,0,1,0,0,0,0,0,0.991999626,1,,,,1,1,1,0,0,0,0,0,117,805,,,,156,29,37,SNP,G,A,A,nonsynonymous,RA,MMP1227,cobalt-precorrin-6Y C(5)-methyltransferase,,,,,,,,,0.958961487,1191
109,UE3,C,1289829,0,0,0,0,0,1,0,0,0,0,0,0.985184669,0.997268677,,,,1,1,0.975609779,0,0,0,0,0,135,731,,,,148,38,41,DEL,A,.,1,,RA,MMP1303,sensory transduction histidine kinase,,,,,,,,,0.992307663,1170
110,UE3,C,1290304,0,1,0,0,0,0,0,0.732514858,0,0,0,0,0,,,,0,0,0,0,1387,0,0,0,0,0,,,,0,0,0,DEL,A,.,1,,RA,MMP1303,sensory transduction histidine kinase,,,,,,,,,0,0
111,UE3,C,1298613,0,0,1,1,1,0,0,0,0.553190231,0.988498688,1,0,0,,,,0,0,0,0,0,1081,1070,98,0,0,,,,0,0,0,DEL,C,.,1,,RA,MMP1314,phosphoesterase domain-containing protein,,,,,,,,,0,0
112,UE3,C,1340304,0,0,0,0,0,0.892821312,0,0,0,0,0,0.892821312,0.8354249,,,,1,1,1,0,0,0,0,0,196,903,,,,198,49,40,SNP,G,T,T,nonsynonymous,RA,MMP1361,DNA-directed RNA polymerase subunit beta'',,,,,,,,,0.976010323,1339
113,UE3,C,1469006,0,0,0.337192059,0.422268867,0.120548725,0,0,0,0.337192059,0.422268867,0.120548725,0,0,,,,0,0,0,0,0,1158,1255,243,0,0,,,,0,0,0,SNP,G,A,A,nonsynonymous,RA,MMP1511,amino acid carrier protein,,,,,,,,,0,0
114,UE3,C,1469438,0,0,0,0,0,0.303417539,0,0,0,0,0,0.303417539,0,,,,0,0,0,0,0,0,0,0,,0,,,,0,0,0,DEL,NC_005791,1469437,3,,JC,MMP1511,amino acid carrier protein,,,,,,,,,0,0
115,UE3,C,1469743,0,0,0,0,0,0.507380486,0,0,0,0,0,0.507380486,0.764975548,,,,1,1,1,0,0,0,0,0,203,868,,,,149,39,52,DEL,T,.,1,,RA,MMP1511,amino acid carrier protein,,,,,,,,,0.052385807,1317
116,UE3,C,1469772,0,0,0,0,0.201751709,0,0,0,0,0,0.201751709,0,0,,,,0,0,0,0,0,0,0,342,0,0,,,,0,0,0,SNP,C,T,T,nonsynonymous,RA,MMP1511,amino acid carrier protein,,,,,,,,,0,0
117,UE3,C,1469774,0,0,0.093354225,0.308521748,0,0,0,0,0.093354225,0.308521748,0,0,0,,,,0,0,0,0,0,1336,1245,0,0,0,,,,0,0,0,SNP,T,C,C,nonsynonymous,RA,MMP1511,amino acid carrier protein,,,,,,,,,0,0
118,UE3,C,1538034,0,0.777720451,0,0,0,0,0,0.777720451,0,0,0,0,0,,,,0,0,0,0,1623,0,0,0,0,0,,,,0,0,0,SNP,G,A,A,synonymous,RA,MMP1588,D-3-phosphoglycerate dehydrogenase,,,,,,,,,0,0
