,culture,CorM,positions,0,100,300,500,780,1000,poly_0,poly_100,poly_300,poly_500,poly_780,poly_1000,depth_0,depth_100,depth_300,depth_500,depth_780,depth_1000,entry_type,REF,ALT,mutation_detail,snp_type,evidence_type,locus_tag,gene_product,Unnamed: 0
0,H1,M,17566.0,0.0,0.0,0.183280172,0.0,0.230966747,0.0,0.0,0.0,0.183280172,0.0,0.230966747,0.0,0.0,0.0,,0.0,,0.0,INS,NC_005791,17567,AAAAT,,JC,MMP0007,geranylgeranylglyceryl phosphate synthase-like protein,
1,H1,M,25653.0,0.0,0.0,0.0,1.0,1.0,0.0,0.0,0.0,0.0,0.947836399,0.996348381,0.0,0.0,0.0,0.0,728.0,1031.0,0.0,SNP,C,A,A,nonsense,RA,MMP0015,hypothetical protein,
2,H1,M,33867.0,0.0,1.0,1.0,1.0,1.0,1.0,0.0,1.0,0.997540474,1.0,0.998215675,1.0,0.0,836.0,2317.0,1266.0,1027.0,46.0,SNP,C,A,A,nonsynonymous,RA,MMP0026,DNA polymerase II large subunit,
3,H1,M,57674.0,0.0,0.0,0.0,0.942892075,1.0,1.0,0.0,0.0,0.0,0.942892075,0.992019653,1.0,0.0,0.0,0.0,1066.0,998.0,24.0,SNP,T,G,G,nonsynonymous,RA,MMP0040,type II secretion system protein E,
4,H1,M,59383.0,0.0,1.0,1.0,1.0,1.0,1.0,0.0,0.994294167,0.995516777,1.0,0.997311592,1.0,0.0,1055.0,2660.0,1515.0,1063.0,23.0,SNP,C,A,A,nonsynonymous,RA,MMP0041,transcription initiation factor IIB,
5,H1,M,156146.0,0.0,0.0,0.0,0.0,1.0,1.0,0.0,0.0,0.0,0.0,0.986951828,1.0,0.0,0.0,0.0,0.0,843.0,4.0,DEL,G,.,2,,RA,MMP0146,hypothetical protein,
6,H1,M,156149.0,0.0,0.0,0.0,0.0,1.0,1.0,0.0,0.0,0.0,0.0,0.990510941,1.0,0.0,0.0,0.0,0.0,843.0,4.0,DEL,C,.,1,,RA,MMP0146,hypothetical protein,
7,H1,M,421510.0,0.0,0.0,1.0,0.0,0.0,0.0,0.0,0.0,0.981800241,0.0,0.0,0.0,0.0,0.0,,0.0,0.0,0.0,DEL,NC_005791,421569,59,,JC,MMP0419,sodium:neurotransmitter symporter,
8,H1,M,421750.0,0.0,0.0,0.0,0.0,1.0,1.0,0.0,0.0,0.0,0.0,0.997636795,1.0,0.0,0.0,0.0,0.0,846.0,45.0,DEL,T,.,1,,RA,MMP0419,sodium:neurotransmitter symporter,
9,H1,M,549888.0,0.0,0.0,0.0,1.0,1.0,1.0,0.0,0.0,0.0,1.0,0.998292923,1.0,0.0,0.0,0.0,2458.0,866.0,30.0,SNP,G,A,A,nonsynonymous,RA,MMP0545,molybdopterin biosynthesis protein MoeA/LysR substrate binding-domain-containing protein,
10,H1,M,1120848.0,0.0,1.0,1.0,1.0,1.0,0.0,0.0,1.0,0.998755455,1.0,0.99389267,0.0,0.0,296.0,2178.0,220.0,960.0,0.0,SNP,C,T,T,nonsynonymous,RA,MMP1131,peptide chain release factor 1,
11,H1,M,1173020.0,0.0,0.0,0.0,0.0,1.0,0.0,0.0,0.0,0.0,0.0,0.979922295,0.0,0.0,0.0,0.0,0.0,697.0,0.0,INS,.,T,AT,,RA,MMP1190/MMP1191,"FKBP-type peptidylprolyl isomerase/N(5),N(10)-methenyltetrahydromethanopterin cyclohydrolase",
12,H1,M,1401340.0,0.0,0.0,0.0,0.902017117,1.0,1.0,0.0,0.0,0.0,0.902017117,0.992310524,1.0,0.0,0.0,0.0,1536.0,892.0,25.0,SNP,A,G,G,nonsynonymous,RA,MMP1429,DNA-directed RNA polymerase subunit M,
13,H1,M,1469437.0,0.0,0.0,0.0,0.26552026100000004,0.0,0.0,0.0,0.0,0.0,0.26552026100000004,0.0,0.0,0.0,0.0,0.0,,0.0,0.0,INS,NC_005791,1469438,GCT,,JC,MMP1511,amino acid carrier protein,
14,H1,M,1469521.0,0.0,0.0,0.0,0.0,0.299188137,0.548378944,0.0,0.0,0.0,0.0,0.299188137,0.548378944,0.0,0.0,0.0,0.0,869.0,31.0,DEL,A,.,1,,RA,MMP1511,amino acid carrier protein,
15,H1,M,1470230.0,0.0,0.0,0.0,0.0,0.0,1.0,0.0,0.0,0.0,0.0,0.0,0.8889026640000001,0.0,0.0,0.0,0.0,0.0,9.0,DEL,A,.,1,,RA,MMP1511,amino acid carrier protein,
16,H1,M,1558014.0,0.0,0.0,0.0,0.0,1.0,1.0,0.0,0.0,0.0,0.0,0.992408752,1.0,0.0,0.0,0.0,0.0,922.0,4.0,DEL,T,.,1,,RA,MMP1611,hypothetical protein,
17,H1,M,1610441.0,0.0,1.0,1.0,1.0,1.0,1.0,0.0,0.999190331,0.996202469,0.996860504,0.998140335,1.0,0.0,896.0,2367.0,1214.0,979.0,41.0,SNP,C,T,T,nonsynonymous,RA,MMP1666,flagellin,
18,H2,M,10158.0,0.0,0.0,0.0,0.644715748,0.0,0.0,0.0,0.0,0.0,0.644715748,0.0,0.0,0.0,0.0,0.0,,0.0,0.0,INS,NC_005791,10158,GTTCCTATGTAAGATATA,,JC,MMP0001,hypothetical protein,
19,H2,M,101162.0,0.0,0.0,0.0,0.0,1.0,0.0,0.0,0.0,0.0,0.0,0.994198799,0.0,0.0,0.0,0.0,0.0,1137.0,0.0,SNP,A,C,C,nonsynonymous,RA,MMP0090,glycosyl transferase,
20,H2,M,257825.0,0.0,0.0,0.0,0.0,0.0,0.479978085,0.0,0.0,0.0,0.0,0.0,0.479978085,0.0,0.0,0.0,0.0,0.0,25.0,SNP,A,G,G,nonsynonymous,RA,MMP0255,isoleucyl-tRNA synthetase-like protein,
21,H2,M,324555.0,0.0,0.0,0.0,0.0,0.913926601,0.0,0.0,0.0,0.0,0.0,0.913926601,0.0,0.0,0.0,0.0,0.0,1047.0,0.0,SNP,C,T,T,nonsynonymous,RA,MMP0327,thymidine phosphorylase,
22,H2,M,325387.0,0.0,0.0,0.0,0.0,0.0,1.0,0.0,0.0,0.0,0.0,0.0,1.0,0.0,0.0,0.0,0.0,0.0,6.0,SNP,G,A,A,nonsynonymous,RA,MMP0327,thymidine phosphorylase,
23,H2,M,420683.0,0.0,0.0,0.0,0.10905838,1.0,1.0,0.0,0.0,0.0,0.10905838,0.997097969,1.0,0.0,0.0,0.0,2038.0,1023.0,17.0,SNP,T,C,C,nonsynonymous,RA,MMP0419,sodium:neurotransmitter symporter,
24,H2,M,421594.0,0.0,0.0,0.0,0.8353605270000001,0.0,0.0,0.0,0.0,0.0,0.8353605270000001,0.0,0.0,0.0,0.0,0.0,2399.0,0.0,0.0,DEL,T,.,2,,RA,MMP0419,sodium:neurotransmitter symporter,
25,H2,M,421595.0,0.0,0.0,0.0,0.8405036929999999,0.0,0.0,0.0,0.0,0.0,0.8405036929999999,0.0,0.0,0.0,0.0,0.0,2387.0,0.0,0.0,DEL,G,.,1,,RA,MMP0419,sodium:neurotransmitter symporter,
26,H2,M,450780.0,0.0,0.0,1.0,1.0,1.0,1.0,0.0,0.0,0.992547035,1.0,0.993865967,1.0,0.0,0.0,1228.0,3218.0,1102.0,21.0,SNP,C,T,T,synonymous,RA,MMP0457,DEAD/DEAH box helicase domain-containing protein,
27,H2,M,456141.0,0.0,0.0,0.253676414,0.0,0.0,0.0,0.0,0.0,0.253676414,0.0,0.0,0.0,0.0,0.0,1170.0,0.0,0.0,0.0,SNP,T,C,C,intergenic,RA,MMP0459/MMP0460,hypothetical protein/hypothetical protein,
28,H2,M,962440.0,0.0,0.0,0.903480053,0.0,0.0,0.0,0.0,0.0,0.903480053,0.0,0.0,0.0,0.0,0.0,1093.0,0.0,0.0,0.0,SNP,C,A,A,intergenic,RA,MMP0975/MMP0976,molybdenum ABC transporter solute-binding protein/hypothetical protein,
29,H2,M,1019789.0,0.0,0.0,0.0,0.135474205,1.0,0.0,0.0,0.0,0.0,0.135474205,0.99643898,0.0,0.0,0.0,0.0,1059.0,1078.0,0.0,SNP,C,A,A,nonsynonymous,RA,MMP1028,hypothetical protein,
30,H2,M,1038177.0,0.0,0.0,0.0,0.0,0.0,1.0,0.0,0.0,0.0,0.0,0.0,0.809606552,0.0,0.0,0.0,0.0,0.0,42.0,SNP,A,G,G,synonymous,RA,MMP1044,V-type ATP synthase subunit A,
31,H2,M,1126491.0,0.0,0.0,0.0,0.0,0.0,1.0,0.0,0.0,0.0,0.0,0.0,1.0,0.0,0.0,0.0,0.0,0.0,25.0,SNP,C,T,T,nonsynonymous,RA,MMP1135,flavodoxin:beta-lactamase-like,
32,H2,M,1127523.0,0.0,0.0,0.0,0.0,1.0,0.0,0.0,0.0,0.0,0.0,0.975832939,0.0,0.0,0.0,0.0,0.0,1111.0,0.0,SNP,T,A,A,nonsynonymous,RA,MMP1137,Lrp/AsnC family transcriptional regulator,
33,H2,M,1127630.0,0.0,0.0,0.0,0.0,0.0,1.0,0.0,0.0,0.0,0.0,0.0,1.0,0.0,0.0,0.0,0.0,0.0,11.0,SNP,G,T,T,nonsynonymous,RA,MMP1137,Lrp/AsnC family transcriptional regulator,
34,H2,M,1127637.0,0.0,0.0,1.0,1.0,1.0,1.0,0.0,0.0,0.993419647,0.999414444,0.994768143,1.0,0.0,0.0,1156.0,1420.0,1116.0,12.0,SNP,G,A,A,nonsynonymous,RA,MMP1137,Lrp/AsnC family transcriptional regulator,
35,H2,M,1181742.0,0.0,0.0,0.0,0.0,0.0,0.71463728,0.0,0.0,0.0,0.0,0.0,0.71463728,0.0,0.0,0.0,0.0,0.0,77.0,SNP,T,G,G,synonymous,RA,MMP1194,triple helix repeat-containing collagen,
36,H2,M,1216666.0,0.0,1.0,1.0,1.0,1.0,0.0,0.0,0.8889484409999999,0.995202065,1.0,0.997145653,0.0,0.0,18.0,1206.0,530.0,1008.0,0.0,SNP,G,A,A,nonsynonymous,RA,MMP1227,cobalt-precorrin-6Y C(5)-methyltransferase,
37,H2,M,1220248.0,0.0,0.0,0.0,0.864091873,0.0,0.0,0.0,0.0,0.0,0.864091873,0.0,0.0,0.0,0.0,0.0,301.0,0.0,0.0,SNP,C,T,T,nonsynonymous,RA,MMP1232,PP-loop domain-containing protein,
38,H2,M,1286772.0,0.0,0.635782242,1.0,1.0,1.0,1.0,0.0,0.635782242,0.996243477,0.998984337,0.998327255,1.0,0.0,151.0,1267.0,2789.0,1102.0,9.0,SNP,G,A,A,synonymous,RA,MMP1300,hypothetical protein,
39,H2,M,1289430.0,0.0,0.0,0.872795105,0.0,0.0,0.0,0.0,0.0,0.872795105,0.0,0.0,0.0,0.0,0.0,1383.0,0.0,0.0,0.0,SNP,A,G,G,nonsynonymous,RA,MMP1303,sensory transduction histidine kinase,
40,H2,M,1427508.0,0.0,0.0,0.0,0.0,0.0,1.0,0.0,0.0,0.0,0.0,0.0,1.0,0.0,0.0,0.0,0.0,0.0,19.0,SNP,T,A,A,nonsynonymous,RA,MMP1465,hypothetical protein,
41,H2,M,1469499.0,0.0,0.0,0.0,0.0,1.0,1.0,0.0,0.0,0.0,0.0,0.994180679,1.0,0.0,0.0,0.0,0.0,1031.0,37.0,DEL,C,.,1,,RA,MMP1511,amino acid carrier protein,
42,H2,M,1469821.0,0.0,0.0,0.0,1.0,0.0,0.0,0.0,0.0,0.0,0.858784676,0.0,0.0,0.0,0.0,0.0,1565.0,0.0,0.0,DEL,A,.,1,,RA,MMP1511,amino acid carrier protein,
43,H2,M,1478507.0,0.0,0.0,0.0,1.0,1.0,0.0,0.0,0.0,0.0,1.0,0.99460125,0.0,0.0,0.0,0.0,1706.0,1066.0,0.0,SNP,A,G,G,nonsynonymous,RA,MMP1518,sulfate/molybdate ABC-transporter ATPase subunit,
44,H2,M,1529074.0,0.0,0.0,0.0,0.0,0.0,1.0,0.0,0.0,0.0,0.0,0.0,0.6923532490000001,0.0,0.0,0.0,0.0,0.0,13.0,SNP,G,A,A,nonsynonymous,RA,MMP1579,30S ribosomal protein S15P,
45,H2,M,1556908.0,0.0,0.0,0.0,0.0,0.923257351,0.0,0.0,0.0,0.0,0.0,0.923257351,0.0,0.0,0.0,0.0,0.0,1055.0,0.0,SNP,C,A,A,nonsynonymous,RA,MMP1609,formylmethanofuran--tetrahydromethanopterin formyltransferase,
46,H2,M,1648281.0,0.0,1.0,1.0,1.0,1.0,0.0,0.0,0.911196232,0.997321129,1.0,0.995765686,0.0,0.0,45.0,1364.0,1237.0,1031.0,0.0,SNP,G,A,A,nonsynonymous,RA,MMP1710,hypothetical protein,
47,H5,M,17954.0,0.0,0.12711381900000002,1.0,1.0,0.0,0.0,0.0,0.12711381900000002,0.99636364,1.0,0.0,0.0,0.0,170.0,2641.0,460.0,0.0,0.0,SNP,C,A,A,nonsynonymous,RA,MMP0008,DNA polymerase II small subunit,
48,H5,M,57447.0,0.0,0.0,1.0,1.0,0.0,0.0,0.0,0.0,0.99317646,0.7521018979999999,0.0,0.0,0.0,0.0,2469.0,182.0,0.0,0.0,SNP,T,G,G,nonsynonymous,RA,MMP0040,type II secretion system protein E,
49,H5,M,59102.0,0.0,0.0,0.0,0.472904682,0.0,0.0,0.0,0.0,0.0,0.472904682,0.0,0.0,0.0,0.0,0.0,250.0,0.0,0.0,SNP,C,T,T,nonsynonymous,RA,MMP0041,transcription initiation factor IIB,
50,H5,M,86403.0,0.0,0.0,0.0,0.707495213,0.0,0.0,0.0,0.0,0.0,0.707495213,0.0,0.0,0.0,0.0,0.0,188.0,0.0,0.0,SNP,C,T,T,nonsynonymous,RA,MMP0074,hypothetical protein,
51,H5,M,151341.0,0.0,0.0,0.0,0.241339207,0.0,0.0,0.0,0.0,0.0,0.241339207,0.0,0.0,0.0,0.0,0.0,232.0,0.0,0.0,SNP,G,A,A,nonsynonymous,RA,MMP0141,hypothetical protein,
52,H5,M,156208.0,0.0,0.0,0.0,0.0,1.0,0.0,0.0,0.0,0.0,0.0,0.974514961,0.0,0.0,0.0,0.0,0.0,1824.0,0.0,SNP,C,T,T,nonsynonymous,RA,MMP0146,hypothetical protein,
53,H5,M,216325.0,0.0,0.0,0.0,0.483350754,0.0,0.0,0.0,0.0,0.0,0.483350754,0.0,0.0,0.0,0.0,0.0,93.0,0.0,0.0,SNP,G,A,A,nonsynonymous,RA,MMP0208,hypothetical protein,
54,H5,M,216974.0,0.0,0.0,0.0,0.0,1.0,1.0,0.0,0.0,0.0,0.0,0.996868134,1.0,0.0,0.0,0.0,0.0,1814.0,14.0,SNP,G,A,A,nonsynonymous,RA,MMP0209,hypothetical protein,
55,H5,M,217097.0,0.0,0.0,0.0,0.201706886,0.0,0.0,0.0,0.0,0.0,0.201706886,0.0,0.0,0.0,0.0,0.0,114.0,0.0,0.0,SNP,T,A,A,nonsynonymous,RA,MMP0209,hypothetical protein,
56,H5,M,220983.0,0.0,0.0,1.0,1.0,0.0,0.0,0.0,0.0,0.990197182,0.7727398870000001,0.0,0.0,0.0,0.0,2441.0,66.0,0.0,0.0,SNP,A,C,C,nonsynonymous,RA,MMP0213,triphosphoribosyl-dephospho-CoA protein,
57,H5,M,230235.0,0.0,0.0,0.0,0.410357952,0.0,0.0,0.0,0.0,0.0,0.410357952,0.0,0.0,0.0,0.0,0.0,108.0,0.0,0.0,SNP,C,T,T,nonsynonymous,RA,MMP0221,sodium/proline symporter,
58,H5,M,241893.0,0.0,0.0,0.0,0.0,1.0,1.0,0.0,0.0,0.0,0.0,0.996984482,1.0,0.0,0.0,0.0,0.0,1579.0,81.0,SNP,A,G,G,nonsynonymous,RA,MMP0234,hypothetical protein,
59,H5,M,252618.0,0.0,0.0,0.0,0.6223258970000001,0.0,0.0,0.0,0.0,0.0,0.6223258970000001,0.0,0.0,0.0,0.0,0.0,156.0,0.0,0.0,SNP,T,C,C,nonsynonymous,RA,MMP0251,proteasome subunit alpha,
60,H5,M,275931.0,0.0,0.0,0.0,0.379701138,0.0,0.0,0.0,0.0,0.0,0.379701138,0.0,0.0,0.0,0.0,0.0,445.0,0.0,0.0,SNP,G,T,T,nonsynonymous,RA,MMP0275,periplasmic copper-binding protein,
61,H5,M,421069.0,0.0,0.0,0.0,0.217650414,0.0,0.0,0.0,0.0,0.0,0.217650414,0.0,0.0,0.0,0.0,0.0,561.0,0.0,0.0,SNP,G,A,A,nonsynonymous,RA,MMP0419,sodium:neurotransmitter symporter,
62,H5,M,421320.0,0.0,0.0,0.0,0.0,1.0,1.0,0.0,0.0,0.0,0.0,0.995742798,1.0,0.0,0.0,0.0,0.0,1644.0,52.0,DEL,A,.,1,,RA,MMP0419,sodium:neurotransmitter symporter,
63,H5,M,421624.0,0.0,0.0,0.0,0.253801823,0.0,0.0,0.0,0.0,0.0,0.253801823,0.0,0.0,0.0,0.0,0.0,476.0,0.0,0.0,SNP,T,G,G,nonsynonymous,RA,MMP0419,sodium:neurotransmitter symporter,
64,H5,M,421787.0,0.0,0.0,1.0,0.725681782,0.0,0.0,0.0,0.0,0.994571686,0.725681782,0.0,0.0,0.0,0.0,2208.0,636.0,0.0,0.0,SNP,T,G,G,nonsynonymous,RA,MMP0419,sodium:neurotransmitter symporter,
65,H5,M,432550.0,0.0,0.0,0.0,0.303821087,0.0,0.0,0.0,0.0,0.0,0.303821087,0.0,0.0,0.0,0.0,0.0,160.0,0.0,0.0,SNP,G,A,A,nonsynonymous,RA,MMP0431,rhodopsin-like GPCR superfamily protein,
66,H5,M,549196.0,0.0,0.0,0.0,0.0,0.909445763,1.0,0.0,0.0,0.0,0.0,0.909445763,1.0,0.0,0.0,0.0,0.0,1711.0,14.0,SNP,G,T,T,nonsynonymous,RA,MMP0545,molybdopterin biosynthesis protein MoeA/LysR substrate binding-domain-containing protein,
67,H5,M,549629.0,0.0,0.0,1.0,1.0,0.0,0.0,0.0,0.0,0.988184929,0.6946525570000001,0.0,0.0,0.0,0.0,2197.0,131.0,0.0,0.0,DEL,A,.,1,,RA,MMP0545,molybdopterin biosynthesis protein MoeA/LysR substrate binding-domain-containing protein,
68,H5,M,594355.0,0.0,0.0,0.0,0.245168209,0.0,0.0,0.0,0.0,0.0,0.245168209,0.0,0.0,0.0,0.0,0.0,421.0,0.0,0.0,SNP,T,A,A,nonsynonymous,RA,MMP0598,phosphoglycerate mutase-related,
69,H5,M,597521.0,0.0,0.0,0.0,0.0,1.0,0.0,0.0,0.0,0.0,0.0,0.996686935,0.0,0.0,0.0,0.0,0.0,1736.0,0.0,SNP,A,G,G,nonsynonymous,RA,MMP0601,hypothetical protein,
70,H5,M,608448.0,0.0,0.0,0.21371603,0.0,0.0,0.0,0.0,0.0,0.21371603,0.0,0.0,0.0,0.0,0.0,2157.0,0.0,0.0,0.0,SNP,G,A,A,synonymous,RA,MMP0613,acetolactate decarboxylase,
71,H5,M,655287.0,0.0,0.0,0.0,0.0,0.0,1.0,0.0,0.0,0.0,0.0,0.0,1.0,0.0,0.0,0.0,0.0,0.0,17.0,SNP,C,A,A,nonsynonymous,RA,MMP0666,Na/Pi-cotransporter II-like protein,
72,H5,M,759066.0,0.0,0.0,0.0,0.0,0.939949512,0.0,0.0,0.0,0.0,0.0,0.939949512,0.0,0.0,0.0,0.0,0.0,1427.0,0.0,SNP,C,T,T,nonsense,RA,MMP0768,hypothetical protein,
73,H5,M,777834.0,0.0,0.0,1.0,0.7097468379999999,0.0,0.0,0.0,0.0,0.992725372,0.7097468379999999,0.0,0.0,0.0,0.0,2147.0,49.0,0.0,0.0,SNP,A,G,G,intergenic,RA,MMP0786/MMP0787,hypothetical protein/MarR family transcriptional regulator,
74,H5,M,792325.0,0.0,0.0,0.0,0.274153233,0.0,0.0,0.0,0.0,0.0,0.274153233,0.0,0.0,0.0,0.0,0.0,62.0,0.0,0.0,SNP,C,T,T,intergenic,RA,MMP0799/MMP0800,TetR family transcriptional regulator Member/hypothetical protein,
75,H5,M,792445.0,0.0,0.0,0.0,0.235758305,0.0,0.0,0.0,0.0,0.0,0.235758305,0.0,0.0,0.0,0.0,0.0,352.0,0.0,0.0,SNP,C,T,T,nonsense,RA,MMP0800,hypothetical protein,
76,H5,M,827108.0,0.0,0.0,0.0,0.33842849700000005,0.0,0.0,0.0,0.0,0.0,0.33842849700000005,0.0,0.0,0.0,0.0,0.0,65.0,0.0,0.0,SNP,G,A,A,nonsynonymous,RA,MMP0832,ferredoxin,
77,H5,M,841401.0,0.0,0.0,0.0,0.280543804,0.0,0.0,0.0,0.0,0.0,0.280543804,0.0,0.0,0.0,0.0,0.0,139.0,0.0,0.0,SNP,A,T,T,synonymous,RA,MMP0850,amino acid transporter,
78,H5,M,880864.0,0.0,0.0,0.0,0.201830864,0.0,0.0,0.0,0.0,0.0,0.201830864,0.0,0.0,0.0,0.0,0.0,109.0,0.0,0.0,SNP,C,T,T,synonymous,RA,MMP0888,cobalt transport protein CbiN,
79,H5,M,882366.0,0.0,0.0,0.0,0.399988651,0.0,0.0,0.0,0.0,0.0,0.399988651,0.0,0.0,0.0,0.0,0.0,60.0,0.0,0.0,SNP,C,T,T,synonymous,RA,MMP0890,superfamily II helicase,
80,H5,M,908724.0,0.0,0.0,0.0,0.646576405,0.0,0.0,0.0,0.0,0.0,0.646576405,0.0,0.0,0.0,0.0,0.0,116.0,0.0,0.0,SNP,A,G,G,synonymous,RA,MMP0919,dihydroorotate dehydrogenase electron transfer subunit,
81,H5,M,942177.0,0.0,0.0,0.0,0.41175127,0.0,0.0,0.0,0.0,0.0,0.41175127,0.0,0.0,0.0,0.0,0.0,51.0,0.0,0.0,SNP,T,C,C,nonsynonymous,RA,MMP0954,hypothetical protein,
82,H5,M,1031355.0,0.0,0.0,1.0,0.0,0.0,0.0,0.0,0.0,0.697416782,0.0,0.0,0.0,0.0,0.0,1884.0,0.0,0.0,0.0,INS,.,A,A,,RA,MMP1037/MMP1038,rRNA large subunit methyltransferase/A1A0 ATPase subunit H,
83,H5,M,1031742.0,0.0,0.0,0.0,0.205777645,0.0,0.0,0.0,0.0,0.0,0.205777645,0.0,0.0,0.0,0.0,0.0,174.0,0.0,0.0,SNP,A,C,C,intergenic,RA,MMP1038/MMP1039,A1A0 ATPase subunit H/V-type ATP synthase subunit I,
84,H5,M,1052274.0,0.0,0.0,1.0,0.59997654,0.0,0.0,0.0,0.0,0.99461174,0.59997654,0.0,0.0,0.0,0.0,2051.0,115.0,0.0,0.0,SNP,A,C,C,nonsynonymous,RA,MMP1060,cysteinyl-tRNA synthetase,
85,H5,M,1068637.0,0.0,0.0,0.0,0.0,0.395286154,0.0,0.0,0.0,0.0,0.0,0.395286154,0.0,0.0,0.0,0.0,0.0,,0.0,AMP,NC_005791,1068696,60,,JC,MMP1078,hypothetical protein,
86,H5,M,1083012.0,0.0,0.0,1.0,0.723526955,0.0,0.0,0.0,0.0,0.993501663,0.723526955,0.0,0.0,0.0,0.0,2105.0,170.0,0.0,0.0,SNP,A,T,T,nonsynonymous,RA,MMP1090,NAD-dependent epimerase/dehydratase,
87,H5,M,1087539.0,0.0,0.0,0.0,0.226997375,0.0,0.0,0.0,0.0,0.0,0.226997375,0.0,0.0,0.0,0.0,0.0,220.0,0.0,0.0,SNP,T,C,C,nonsynonymous,RA,MMP1094,phosphoenolpyruvate synthase,
88,H5,M,1117923.0,0.0,0.0,1.0,0.776333332,0.0,0.0,0.0,0.0,0.996717453,0.776333332,0.0,0.0,0.0,0.0,2100.0,152.0,0.0,0.0,SNP,G,T,T,nonsynonymous,RA,MMP1127,RNA binding S1 domain-containing protein,
89,H5,M,1122206.0,0.0,1.0,1.0,1.0,0.0,0.0,0.0,1.0,0.997548103,1.0,0.0,0.0,0.0,10.0,2002.0,25.0,0.0,0.0,SNP,T,G,G,intergenic,RA,MMP1131/MMP1132,peptide chain release factor 1/tRNA-splicing endonuclease subunit alpha,
90,H5,M,1216301.0,0.0,0.0,0.0,0.0,1.0,1.0,0.0,0.0,0.0,0.0,0.946334839,1.0,0.0,0.0,0.0,0.0,1528.0,5.0,DEL,C,.,1,,RA,MMP1226,geranylgeranyl reductase,
91,H5,M,1226618.0,0.0,0.0,1.0,0.7192387579999999,0.0,0.0,0.0,0.0,0.995092392,0.7192387579999999,0.0,0.0,0.0,0.0,2560.0,194.0,0.0,0.0,SNP,C,T,T,nonsynonymous,RA,MMP1240,Sep-tRNA:Cys-tRNA synthetase,
92,H5,M,1258522.0,0.0,0.0,0.0,0.217401505,0.0,0.0,0.0,0.0,0.0,0.217401505,0.0,0.0,0.0,0.0,0.0,499.0,0.0,0.0,SNP,A,C,C,synonymous,RA,MMP1274,AMP-dependent synthetase and ligase,
93,H5,M,1263985.0,0.0,0.0,1.0,0.775308132,0.0,0.0,0.0,0.0,0.996788979,0.775308132,0.0,0.0,0.0,0.0,2164.0,217.0,0.0,0.0,SNP,T,G,G,synonymous,RA,MMP1280,hypothetical protein,
94,H5,M,1273097.0,0.0,0.0,0.0,1.0,0.0,0.0,0.0,0.0,0.0,0.584925175,0.0,0.0,0.0,0.0,0.0,53.0,0.0,0.0,SNP,T,C,C,nonsynonymous,RA,MMP1290,GTP-binding protein,
95,H5,M,1299579.0,0.0,0.0,0.0,0.0,1.0,1.0,0.0,0.0,0.0,0.0,0.997887611,1.0,0.0,0.0,0.0,0.0,1701.0,14.0,SNP,C,A,A,nonsynonymous,RA,MMP1314,phosphoesterase domain-containing protein,
96,H5,M,1306626.0,0.0,0.0,0.0,0.0,0.0,1.0,0.0,0.0,0.0,0.0,0.0,1.0,0.0,0.0,0.0,0.0,0.0,28.0,SNP,T,A,A,nonsynonymous,RA,MMP1320,30S ribosomal protein S4P,
97,H5,M,1314393.0,0.0,0.0,1.0,0.805284977,0.0,0.0,0.0,0.0,0.99968338,0.805284977,0.0,0.0,0.0,0.0,1943.0,103.0,0.0,0.0,SNP,G,A,A,intergenic,RA,MMP1333/MMP1334,chorismate synthase/solute-binding protein/glutamate receptor,
98,H5,M,1315108.0,0.0,0.0,0.0,0.700118542,0.0,0.0,0.0,0.0,0.0,0.700118542,0.0,0.0,0.0,0.0,0.0,293.0,0.0,0.0,SNP,G,A,A,synonymous,RA,MMP1334,solute-binding protein/glutamate receptor,
99,H5,M,1339317.0,0.0,0.0,1.0,0.571542263,0.0,0.0,0.0,0.0,0.997119904,0.571542263,0.0,0.0,0.0,0.0,2329.0,49.0,0.0,0.0,SNP,G,T,T,intergenic,RA,MMP1360/MMP1361,DNA-directed RNA polymerase subunit H/DNA-directed RNA polymerase subunit beta'',
100,H5,M,1341295.0,0.0,0.0,0.0,0.0,0.316395283,0.0,0.0,0.0,0.0,0.0,0.316395283,0.0,0.0,0.0,0.0,0.0,1681.0,0.0,SNP,T,C,C,nonsynonymous,RA,MMP1362,DNA-directed RNA polymerase subunit B',
101,H5,M,1343446.0,0.0,0.0,0.206843376,0.0,0.0,0.0,0.0,0.0,0.206843376,0.0,0.0,0.0,0.0,0.0,2444.0,0.0,0.0,0.0,SNP,C,T,T,nonsynonymous,RA,MMP1363,DNA-directed RNA polymerase subunit A',
102,H5,M,1343547.0,0.0,0.0,0.0,0.7217445370000001,0.0,0.0,0.0,0.0,0.0,0.7217445370000001,0.0,0.0,0.0,0.0,0.0,345.0,0.0,0.0,SNP,A,T,T,nonsynonymous,RA,MMP1363,DNA-directed RNA polymerase subunit A',
103,H5,M,1348049.0,0.0,0.0,0.0,0.0,1.0,1.0,0.0,0.0,0.0,0.0,0.998926163,1.0,0.0,0.0,0.0,0.0,1601.0,25.0,SNP,G,A,A,nonsynonymous,RA,MMP1367,30S ribosomal protein S12P,
104,H5,M,1359642.0,0.0,0.0,0.0,0.371871471,0.0,0.0,0.0,0.0,0.0,0.371871471,0.0,0.0,0.0,0.0,0.0,121.0,0.0,0.0,SNP,A,G,G,synonymous,RA,MMP1379,thymidylate synthase,
105,H5,M,1384268.0,0.0,0.0,0.0,0.66989994,0.0,0.0,0.0,0.0,0.0,0.66989994,0.0,0.0,0.0,0.0,0.0,416.0,0.0,0.0,SNP,A,C,C,synonymous,RA,MMP1403,50S ribosomal protein L22P,
106,H5,M,1387935.0,0.0,0.0,0.0,0.278219223,0.0,0.0,0.0,0.0,0.0,0.278219223,0.0,0.0,0.0,0.0,0.0,219.0,0.0,0.0,SNP,T,C,C,nonsynonymous,RA,MMP1411,30S ribosomal protein S4e,
107,H5,M,1407489.0,0.0,0.0,0.0,0.283574581,0.0,0.0,0.0,0.0,0.0,0.283574581,0.0,0.0,0.0,0.0,0.0,134.0,0.0,0.0,SNP,A,T,T,nonsynonymous,RA,MMP1436,cell division protein FtsZ,
108,H5,M,1469397.0,0.0,0.0,0.0,0.26807642,0.0,0.0,0.0,0.0,0.0,0.26807642,0.0,0.0,0.0,0.0,0.0,235.0,0.0,0.0,DEL,T,.,1,,RA,MMP1511,amino acid carrier protein,
109,H5,M,1469437.0,0.0,0.0,0.0,0.0,0.440640035,1.0,0.0,0.0,0.0,0.0,0.440640035,1.0,0.0,0.0,0.0,0.0,,,INS,NC_005791,1469438,GCT,,JC,MMP1511,amino acid carrier protein,
110,H5,M,1469498.0,0.0,0.0,1.0,1.0,0.0,0.0,0.0,0.0,0.729153156,0.672736168,0.0,0.0,0.0,0.0,2182.0,165.0,0.0,0.0,INS,.,C,C,,RA,MMP1511,amino acid carrier protein,
111,H5,M,1470300.0,0.0,0.0,0.0,0.0,1.0,0.0,0.0,0.0,0.0,0.0,0.5684900279999999,0.0,0.0,0.0,0.0,0.0,1752.0,0.0,DEL,T,.,1,,RA,MMP1511,amino acid carrier protein,
112,H5,M,1478447.0,0.0,0.0,0.0,0.217292786,0.0,0.0,0.0,0.0,0.0,0.217292786,0.0,0.0,0.0,0.0,0.0,69.0,0.0,0.0,SNP,C,T,T,nonsynonymous,RA,MMP1518,sulfate/molybdate ABC-transporter ATPase subunit,
113,H5,M,1542482.0,0.0,1.0,1.0,1.0,0.0,0.0,0.0,1.0,0.997562408,0.995121956,0.0,0.0,0.0,62.0,2286.0,202.0,0.0,0.0,SNP,G,A,A,synonymous,RA,MMP1593,hypothetical protein,
114,H5,M,1558313.0,0.0,1.0,1.0,1.0,0.0,0.0,0.0,1.0,0.996330261,0.994064331,0.0,0.0,0.0,71.0,2352.0,160.0,0.0,0.0,SNP,C,T,T,nonsynonymous,RA,MMP1611,hypothetical protein,
115,H5,M,1558475.0,0.0,0.0,0.0,0.0,1.0,0.0,0.0,0.0,0.0,0.0,0.99711132,0.0,0.0,0.0,0.0,0.0,1735.0,0.0,SNP,C,A,A,nonsense,RA,MMP1611,hypothetical protein,
116,H5,M,1558883.0,0.0,1.0,1.0,1.0,0.0,0.0,0.0,1.0,0.996925354,1.0,0.0,0.0,0.0,59.0,2222.0,110.0,0.0,0.0,SNP,A,C,C,synonymous,RA,MMP1612,hypothetical protein,
117,H5,M,1593320.0,0.0,0.0,0.0,0.6968092920000001,0.0,0.0,0.0,0.0,0.0,0.6968092920000001,0.0,0.0,0.0,0.0,0.0,798.0,0.0,0.0,SNP,A,G,G,nonsynonymous,RA,MMP1652,molybdate ABC transporter periplasmic substrate-binding protein,
118,H5,M,1610212.0,0.0,0.0,0.0,0.0,1.0,1.0,0.0,0.0,0.0,0.0,0.975268364,1.0,0.0,0.0,0.0,0.0,1687.0,54.0,SNP,G,T,T,nonsynonymous,RA,MMP1666,flagellin,
119,H5,M,1611068.0,0.0,1.0,1.0,1.0,0.0,0.0,0.0,1.0,0.997084618,0.995886803,0.0,0.0,0.0,288.0,2603.0,836.0,0.0,0.0,SNP,G,A,A,nonsynonymous,RA,MMP1667,flagellin,
120,H5,M,1614445.0,0.0,0.0,0.0,0.0,1.0,1.0,0.0,0.0,0.0,0.0,0.997849464,1.0,0.0,0.0,0.0,0.0,1626.0,8.0,SNP,C,A,A,nonsynonymous,RA,MMP1673,flagellar protein G,
121,H5,M,1617454.0,0.0,0.0,0.0,0.0,0.0,1.0,0.0,0.0,0.0,0.0,0.0,1.0,0.0,0.0,0.0,0.0,0.0,6.0,SNP,G,T,T,nonsynonymous,RA,MMP1676,flagellar assembly protein J,
122,H5,M,1620654.0,0.0,0.0,0.212743759,0.0,0.0,0.0,0.0,0.0,0.212743759,0.0,0.0,0.0,0.0,0.0,2552.0,0.0,0.0,0.0,SNP,T,C,C,nonsynonymous,RA,MMP1679,hypothetical protein,
123,H5,M,1627426.0,0.0,0.0,0.0,0.0,0.506689548,1.0,0.0,0.0,0.0,0.0,0.506689548,1.0,0.0,0.0,0.0,0.0,1494.0,5.0,DEL,A,.,2,,RA,MMP1685/RNA_43,hypothetical protein/tRNA-Trp,
124,H6,M,17954.0,0.0,0.0,0.0,0.0,1.0,1.0,0.0,0.0,0.0,0.0,0.99840641,1.0,0.0,0.0,0.0,,3034.0,51.0,SNP,C,A,A,nonsynonymous,RA,MMP0008,DNA polymerase II small subunit,
125,H6,M,34699.0,0.0,0.0,0.0,0.0,0.278784752,0.0,0.0,0.0,0.0,0.0,0.278784752,0.0,0.0,0.0,0.0,,2660.0,0.0,SNP,T,C,C,synonymous,RA,MMP0026,DNA polymerase II large subunit,
126,H6,M,55274.0,0.0,0.0,0.0,0.0,0.0,0.392842293,0.0,0.0,0.0,0.0,0.0,0.392842293,0.0,0.0,0.0,,0.0,28.0,SNP,C,T,T,nonsynonymous,RA,MMP0038,type II secretion system protein,
127,H6,M,59085.0,0.0,0.0,0.0,0.0,0.0,1.0,0.0,0.0,0.0,0.0,0.0,0.8809776309999999,0.0,0.0,0.0,,0.0,42.0,SNP,C,T,T,synonymous,RA,MMP0041,transcription initiation factor IIB,
128,H6,M,151341.0,0.0,0.0,0.0,0.0,0.948645592,1.0,0.0,0.0,0.0,0.0,0.948645592,1.0,0.0,0.0,0.0,,2708.0,8.0,SNP,G,A,A,nonsynonymous,RA,MMP0141,hypothetical protein,
129,H6,M,216325.0,0.0,0.0,0.0,0.0,1.0,1.0,0.0,0.0,0.0,0.0,0.952132225,1.0,0.0,0.0,0.0,,2652.0,10.0,SNP,G,A,A,nonsynonymous,RA,MMP0208,hypothetical protein,
130,H6,M,216974.0,0.0,0.0,1.0,1.0,0.0,0.0,0.0,0.0,0.962893486,1.0,0.0,0.0,0.0,0.0,3362.0,,0.0,0.0,SNP,G,A,A,nonsynonymous,RA,MMP0209,hypothetical protein,
131,H6,M,230235.0,0.0,0.0,0.0,0.0,1.0,0.0,0.0,0.0,0.0,0.0,0.951214314,0.0,0.0,0.0,0.0,,2502.0,0.0,SNP,C,T,T,nonsynonymous,RA,MMP0221,sodium/proline symporter,
132,H6,M,241893.0,0.0,1.0,1.0,1.0,0.0,0.0,0.0,1.0,0.996108055,1.0,0.0,0.0,0.0,3501.0,3038.0,,0.0,0.0,SNP,A,G,G,nonsynonymous,RA,MMP0234,hypothetical protein,
133,H6,M,276366.0,0.0,0.0,0.0,0.0,0.0,1.0,0.0,0.0,0.0,0.0,0.0,1.0,0.0,0.0,0.0,,0.0,13.0,SNP,G,A,A,nonsynonymous,RA,MMP0275,periplasmic copper-binding protein,
134,H6,M,307098.0,0.0,0.0,0.0,0.0,1.0,1.0,0.0,0.0,0.0,0.0,0.930029869,1.0,0.0,0.0,0.0,,2401.0,5.0,DEL,A,.,1,,RA,MMP0310,hypothetical protein,
135,H6,M,356549.0,0.0,0.0,0.0,0.906143665,0.0,0.0,0.0,0.0,0.0,0.906143665,0.0,0.0,0.0,0.0,0.0,,0.0,0.0,SNP,C,T,T,nonsynonymous,RA,MMP0359,glycosyl transferase,
136,H6,M,377213.0,0.0,0.0,0.0,0.0,0.366736889,0.0,0.0,0.0,0.0,0.0,0.366736889,0.0,0.0,0.0,0.0,,2519.0,0.0,SNP,A,C,C,synonymous,RA,MMP0380,DNA polymerase B protein,
137,H6,M,378451.0,0.0,0.0,0.0,0.0,0.918489933,0.0,0.0,0.0,0.0,0.0,0.918489933,0.0,0.0,0.0,0.0,,2517.0,0.0,SNP,A,C,C,nonsynonymous,RA,MMP0380,DNA polymerase B protein,
138,H6,M,421320.0,0.0,0.0,0.0,1.0,0.0,0.0,0.0,0.0,0.0,0.885129452,0.0,0.0,0.0,0.0,0.0,,0.0,0.0,DEL,A,.,1,,RA,MMP0419,sodium:neurotransmitter symporter,
139,H6,M,421624.0,0.0,0.0,0.0,0.0,1.0,1.0,0.0,0.0,0.0,0.0,0.951083183,1.0,0.0,0.0,0.0,,2524.0,35.0,SNP,T,G,G,nonsynonymous,RA,MMP0419,sodium:neurotransmitter symporter,
140,H6,M,432550.0,0.0,0.0,0.0,0.0,1.0,0.0,0.0,0.0,0.0,0.0,0.950431824,0.0,0.0,0.0,0.0,,2456.0,0.0,SNP,G,A,A,nonsynonymous,RA,MMP0431,rhodopsin-like GPCR superfamily protein,
141,H6,M,458045.0,0.0,0.0,0.0,0.0,1.0,0.0,0.0,0.0,0.0,0.0,0.965262617,0.0,0.0,0.0,0.0,,0.0,0.0,DEL,NC_005791,458044,33,,JC,MMP0460/MMP0461,hypothetical protein/hypothetical protein,
142,H6,M,461557.0,0.0,0.0,0.0,0.0,1.0,0.0,0.0,0.0,0.0,0.0,0.952146053,0.0,0.0,0.0,0.0,,2554.0,0.0,SNP,G,A,A,nonsynonymous,RA,MMP0463,hypothetical protein,
143,H6,M,479832.0,0.0,0.0,0.0,0.0,0.920896053,0.0,0.0,0.0,0.0,0.0,0.920896053,0.0,0.0,0.0,0.0,,2451.0,0.0,SNP,T,C,C,nonsynonymous,RA,MMP0484,sodium/hydrogen exchanger,
144,H6,M,506793.0,0.0,0.0,0.0,0.0,0.890089989,1.0,0.0,0.0,0.0,0.0,0.890089989,1.0,0.0,0.0,0.0,,2742.0,18.0,SNP,A,C,C,synonymous,RA,MMP0502,hypothetical protein,
145,H6,M,520837.0,0.0,0.0,0.0,0.0,0.296845436,0.0,0.0,0.0,0.0,0.0,0.296845436,0.0,0.0,0.0,0.0,,2622.0,0.0,SNP,A,C,C,nonsynonymous,RA,MMP0514,molybdenum ABC transporter periplasmic molybdate-binding protein,
146,H6,M,548994.0,0.0,0.0,0.0,1.0,0.0,0.0,0.0,0.0,0.0,0.862681389,0.0,0.0,0.0,0.0,0.0,,0.0,0.0,DEL,A,.,1,,RA,MMP0545,molybdopterin biosynthesis protein MoeA/LysR substrate binding-domain-containing protein,
147,H6,M,549723.0,0.0,0.0,0.32091856,0.0,0.0,0.0,0.0,0.0,0.32091856,0.0,0.0,0.0,0.0,0.0,2977.0,,0.0,0.0,SNP,C,T,T,nonsense,RA,MMP0545,molybdopterin biosynthesis protein MoeA/LysR substrate binding-domain-containing protein,
148,H6,M,594355.0,0.0,0.0,0.0,0.0,1.0,1.0,0.0,0.0,0.0,0.0,0.954423904,1.0,0.0,0.0,0.0,,2428.0,17.0,SNP,T,A,A,nonsynonymous,RA,MMP0598,phosphoglycerate mutase-related,
149,H6,M,599890.0,0.0,0.0,0.0,0.0,0.903504372,1.0,0.0,0.0,0.0,0.0,0.903504372,1.0,0.0,0.0,0.0,,2687.0,6.0,SNP,C,T,T,synonymous,RA,MMP0604,hypothetical protein,
150,H6,M,635459.0,0.0,0.0,0.0,0.0,0.273955345,0.0,0.0,0.0,0.0,0.0,0.273955345,0.0,0.0,0.0,0.0,,2665.0,0.0,SNP,A,G,G,nonsynonymous,RA,MMP0643,hypothetical protein,
151,H6,M,653036.0,0.0,0.0,0.0,0.0,0.0,1.0,0.0,0.0,0.0,0.0,0.0,0.8182415959999999,0.0,0.0,0.0,,0.0,11.0,SNP,G,A,A,nonsynonymous,RA,MMP0663,sulfate transporter,
152,H6,M,792325.0,0.0,0.0,0.0,0.0,1.0,0.0,0.0,0.0,0.0,0.0,0.956633568,0.0,0.0,0.0,0.0,,2606.0,0.0,SNP,C,T,T,intergenic,RA,MMP0799/MMP0800,TetR family transcriptional regulator Member/hypothetical protein,
153,H6,M,792445.0,0.0,0.0,0.0,0.0,1.0,1.0,0.0,0.0,0.0,0.0,0.961724281,1.0,0.0,0.0,0.0,,2261.0,9.0,SNP,C,T,T,nonsense,RA,MMP0800,hypothetical protein,
154,H6,M,821970.0,0.0,0.0,0.0,0.0,1.0,0.0,0.0,0.0,0.0,0.0,0.951517582,0.0,0.0,0.0,0.0,,2167.0,0.0,SNP,A,C,C,intergenic,RA,MMP0826/MMP0827,hypothetical protein/hypothetical protein,
155,H6,M,841401.0,0.0,0.0,0.0,0.0,1.0,0.0,0.0,0.0,0.0,0.0,0.957424164,0.0,0.0,0.0,0.0,,2191.0,0.0,SNP,A,T,T,synonymous,RA,MMP0850,amino acid transporter,
156,H6,M,882366.0,0.0,0.0,0.0,0.0,0.943901539,1.0,0.0,0.0,0.0,0.0,0.943901539,1.0,0.0,0.0,0.0,,2180.0,8.0,SNP,C,T,T,synonymous,RA,MMP0890,superfamily II helicase,
157,H6,M,942177.0,0.0,0.0,0.0,0.0,1.0,0.0,0.0,0.0,0.0,0.0,0.953996658,0.0,0.0,0.0,0.0,,2275.0,0.0,SNP,T,C,C,nonsynonymous,RA,MMP0954,hypothetical protein,
158,H6,M,965349.0,0.0,0.0,0.0,0.0,0.34725332299999995,0.0,0.0,0.0,0.0,0.0,0.34725332299999995,0.0,0.0,0.0,0.0,,2503.0,0.0,SNP,T,G,G,synonymous,RA,MMP0980,acetyl-CoA decarbonylase/synthase complex subunit gamma,
159,H6,M,986126.0,0.0,0.0,0.0,0.0,1.0,1.0,0.0,0.0,0.0,0.0,0.955694199,1.0,0.0,0.0,0.0,,2344.0,10.0,SNP,T,G,G,nonsynonymous,RA,MMP1001,hypothetical protein,
160,H6,M,1031742.0,0.0,0.0,0.0,0.0,0.945508957,1.0,0.0,0.0,0.0,0.0,0.945508957,1.0,0.0,0.0,0.0,,2552.0,11.0,SNP,A,C,C,intergenic,RA,MMP1038/MMP1039,A1A0 ATPase subunit H/V-type ATP synthase subunit I,
161,H6,M,1047450.0,0.0,0.0,0.0,0.0,0.864930153,0.0,0.0,0.0,0.0,0.0,0.864930153,0.0,0.0,0.0,0.0,,2297.0,0.0,SNP,T,A,A,nonsynonymous,RA,MMP1056,hypothetical protein,
162,H6,M,1059756.0,0.0,0.0,0.0,0.0,0.907808781,1.0,0.0,0.0,0.0,0.0,0.907808781,1.0,0.0,0.0,0.0,,2363.0,16.0,SNP,T,G,G,nonsynonymous,RA,MMP1067,succinate dehydrogenase/fumarate reductase iron-sulfur subunit,
163,H6,M,1063840.0,0.0,0.0,0.0,0.0,1.0,1.0,0.0,0.0,0.0,0.0,0.951804161,1.0,0.0,0.0,0.0,,2290.0,11.0,SNP,T,G,G,nonsynonymous,RA,MMP1072,aminotransferase (subgroup I) aromatic aminotransferase,
164,H6,M,1065183.0,0.0,0.0,0.0,0.0,0.0,1.0,0.0,0.0,0.0,0.0,0.0,1.0,0.0,0.0,0.0,,0.0,5.0,SNP,A,C,C,synonymous,RA,MMP1074,hypothetical protein,
165,H6,M,1087539.0,0.0,0.0,0.0,0.0,1.0,1.0,0.0,0.0,0.0,0.0,0.958084106,1.0,0.0,0.0,0.0,,2488.0,20.0,SNP,T,C,C,nonsynonymous,RA,MMP1094,phosphoenolpyruvate synthase,
166,H6,M,1090005.0,0.0,0.0,0.0,0.0,0.304438114,0.0,0.0,0.0,0.0,0.0,0.304438114,0.0,0.0,0.0,0.0,,2462.0,0.0,SNP,C,T,T,nonsynonymous,RA,MMP1096,phosphate ABC transporter inner membrane protein,
167,H6,M,1122206.0,0.0,0.0,0.0,0.0,1.0,1.0,0.0,0.0,0.0,0.0,0.997406006,1.0,0.0,0.0,0.0,,2301.0,5.0,SNP,T,G,G,intergenic,RA,MMP1131/MMP1132,peptide chain release factor 1/tRNA-splicing endonuclease subunit alpha,
168,H6,M,1141761.0,0.0,0.0,0.0,0.0,0.923226833,1.0,0.0,0.0,0.0,0.0,0.923226833,1.0,0.0,0.0,0.0,,2378.0,29.0,SNP,T,G,G,synonymous,RA,MMP1153,energy conserving hydrogenase B large subunit,
169,H6,M,1214332.0,0.0,0.0,0.0,0.0,0.930626392,1.0,0.0,0.0,0.0,0.0,0.930626392,1.0,0.0,0.0,0.0,,2488.0,13.0,SNP,T,G,G,nonsynonymous,RA,MMP1224,ABC-type amino acid transport/signal transduction systems periplasmic component-related,
170,H6,M,1219992.0,0.0,0.0,0.0,0.0,0.918851852,0.0,0.0,0.0,0.0,0.0,0.918851852,0.0,0.0,0.0,0.0,,2380.0,0.0,SNP,A,C,C,synonymous,RA,MMP1232,PP-loop domain-containing protein,
171,H6,M,1258522.0,0.0,0.0,0.0,0.0,1.0,1.0,0.0,0.0,0.0,0.0,0.950988293,1.0,0.0,0.0,0.0,,2589.0,41.0,SNP,A,C,C,synonymous,RA,MMP1274,AMP-dependent synthetase and ligase,
172,H6,M,1291123.0,0.0,0.596125745,0.0,0.0,0.0,0.0,0.0,0.596125745,0.0,0.0,0.0,0.0,0.0,0.0,0.0,,0.0,0.0,INS,NC_005791,1291123,AATATATAAATACGACCT,,JC,MMP1304/MMP1305,response regulator receiver protein/hypothetical protein,
173,H6,M,1299579.0,0.0,0.122485161,1.0,1.0,0.0,0.0,0.0,0.122485161,0.996594429,1.0,0.0,0.0,0.0,506.0,3081.0,,0.0,0.0,SNP,C,A,A,nonsynonymous,RA,MMP1314,phosphoesterase domain-containing protein,
174,H6,M,1314306.0,0.0,0.0,0.0,0.0,0.932405949,0.0,0.0,0.0,0.0,0.0,0.932405949,0.0,0.0,0.0,0.0,,2350.0,0.0,SNP,A,G,G,intergenic,RA,MMP1333/MMP1334,chorismate synthase/solute-binding protein/glutamate receptor,
175,H6,M,1348049.0,0.0,0.134056091,1.0,1.0,0.0,0.0,0.0,0.134056091,0.994093895,1.0,0.0,0.0,0.0,440.0,2931.0,,0.0,0.0,SNP,G,A,A,nonsynonymous,RA,MMP1367,30S ribosomal protein S12P,
176,H6,M,1359642.0,0.0,0.0,0.0,0.0,0.9478302,1.0,0.0,0.0,0.0,0.0,0.9478302,1.0,0.0,0.0,0.0,,2738.0,6.0,SNP,A,G,G,synonymous,RA,MMP1379,thymidylate synthase,
177,H6,M,1387935.0,0.0,0.0,0.0,0.0,1.0,1.0,0.0,0.0,0.0,0.0,0.95409584,1.0,0.0,0.0,0.0,,2584.0,41.0,SNP,T,C,C,nonsynonymous,RA,MMP1411,30S ribosomal protein S4e,
178,H6,M,1405829.0,0.0,0.0,0.0,0.0,0.8926758770000001,1.0,0.0,0.0,0.0,0.0,0.8926758770000001,1.0,0.0,0.0,0.0,,2773.0,20.0,SNP,C,A,A,nonsynonymous,RA,MMP1434,transcription antitermination protein NusG,
179,H6,M,1407489.0,0.0,0.0,0.0,0.0,1.0,1.0,0.0,0.0,0.0,0.0,0.959561348,1.0,0.0,0.0,0.0,,2619.0,22.0,SNP,A,T,T,nonsynonymous,RA,MMP1436,cell division protein FtsZ,
180,H6,M,1461409.0,0.0,0.0,0.0,0.0,0.0,1.0,0.0,0.0,0.0,0.0,0.0,0.823396206,0.0,0.0,0.0,,0.0,17.0,SNP,T,G,G,nonsynonymous,RA,MMP1500,cell division protein FtsZ,
181,H6,M,1469397.0,0.0,0.0,0.0,0.0,0.946279049,1.0,0.0,0.0,0.0,0.0,0.946279049,1.0,0.0,0.0,0.0,,2821.0,33.0,DEL,T,.,1,,RA,MMP1511,amino acid carrier protein,
182,H6,M,1470300.0,0.0,0.0,0.0,1.0,0.0,0.0,0.0,0.0,0.0,0.916200161,0.0,0.0,0.0,0.0,0.0,,0.0,0.0,DEL,T,.,1,,RA,MMP1511,amino acid carrier protein,
183,H6,M,1472814.0,0.0,0.0,0.0,0.0,0.922941208,1.0,0.0,0.0,0.0,0.0,0.922941208,1.0,0.0,0.0,0.0,,2736.0,11.0,SNP,A,T,T,synonymous,RA,MMP1513,alanine dehydrogenase,
184,H6,M,1478447.0,0.0,0.0,0.0,0.0,0.947985649,1.0,0.0,0.0,0.0,0.0,0.947985649,1.0,0.0,0.0,0.0,,2750.0,5.0,SNP,C,T,T,nonsynonymous,RA,MMP1518,sulfate/molybdate ABC-transporter ATPase subunit,
185,H6,M,1542482.0,0.0,0.0,0.0,0.0,1.0,1.0,0.0,0.0,0.0,0.0,0.997540474,1.0,0.0,0.0,0.0,,2633.0,9.0,SNP,G,A,A,synonymous,RA,MMP1593,hypothetical protein,
186,H6,M,1558313.0,0.0,0.0,0.0,0.0,1.0,1.0,0.0,0.0,0.0,0.0,0.998229027,1.0,0.0,0.0,0.0,,2505.0,17.0,SNP,C,T,T,nonsynonymous,RA,MMP1611,hypothetical protein,
187,H6,M,1558475.0,0.0,0.0,0.0,0.40118742,0.0,0.0,0.0,0.0,0.0,0.40118742,0.0,0.0,0.0,0.0,0.0,,0.0,0.0,SNP,C,A,A,nonsense,RA,MMP1611,hypothetical protein,
188,H6,M,1558883.0,0.0,0.0,0.0,0.0,1.0,0.0,0.0,0.0,0.0,0.0,0.997199059,0.0,0.0,0.0,0.0,,2691.0,0.0,SNP,A,C,C,synonymous,RA,MMP1612,hypothetical protein,
189,H6,M,1563082.0,0.0,0.0,0.0,0.0,1.0,0.0,0.0,0.0,0.0,0.0,0.952332973,0.0,0.0,0.0,0.0,,2538.0,0.0,SNP,T,G,G,nonsynonymous,RA,MMP1617,hypothetical protein,
190,H6,M,1586929.0,0.0,0.0,0.0,0.0,0.331690788,0.0,0.0,0.0,0.0,0.0,0.331690788,0.0,0.0,0.0,0.0,,2580.0,0.0,SNP,T,A,A,nonsynonymous,RA,MMP1646,hypothetical protein,
191,H6,M,1610477.0,0.0,0.0,0.0,0.0,0.933926582,1.0,0.0,0.0,0.0,0.0,0.933926582,1.0,0.0,0.0,0.0,,2672.0,29.0,SNP,C,G,G,nonsynonymous,RA,MMP1666,flagellin,
192,H6,M,1611068.0,0.0,0.0,0.0,0.0,1.0,1.0,0.0,0.0,0.0,0.0,0.996318817,1.0,0.0,0.0,0.0,,3088.0,76.0,SNP,G,A,A,nonsynonymous,RA,MMP1667,flagellin,
193,H6,M,1614445.0,0.0,1.0,1.0,1.0,0.0,0.0,0.0,1.0,0.995705605,1.0,0.0,0.0,0.0,422.0,3224.0,,0.0,0.0,SNP,C,A,A,nonsynonymous,RA,MMP1673,flagellar protein G,
194,U1,M,216692.0,0.0,0.0,0.0,0.0,1.0,1.0,0.0,0.0,0.0,0.0,0.999036789,1.0,0.0,0.0,0.0,0.0,3772.0,21.0,SNP,A,G,G,nonsynonymous,RA,MMP0209,hypothetical protein,
195,U1,M,308728.0,0.0,0.0,0.0,0.0,1.0,0.0,0.0,0.0,0.0,0.0,0.996734619,0.0,0.0,0.0,0.0,0.0,3178.0,0.0,SNP,A,G,G,intergenic,RA,MMP0313/MMP0314,hypothetical protein/coenzyme F390 synthetase,
196,U1,M,324663.0,0.0,0.0,0.0,0.0,0.0,1.0,0.0,0.0,0.0,0.0,0.0,1.0,0.0,0.0,0.0,0.0,0.0,12.0,SNP,G,A,A,nonsynonymous,RA,MMP0327,thymidine phosphorylase,
197,U1,M,421238.0,0.0,1.0,1.0,1.0,1.0,1.0,0.0,0.978767395,0.993569374,0.996253014,0.997572899,1.0,0.0,2519.0,3021.0,1630.0,3315.0,45.0,DEL,T,.,1,,RA,MMP0419,sodium:neurotransmitter symporter,
198,U1,M,458047.0,0.0,0.0,0.0,0.0,1.0,0.0,0.0,0.0,0.0,0.0,0.912985802,0.0,0.0,0.0,0.0,0.0,46.0,0.0,SNP,T,A,A,intergenic,RA,MMP0460/MMP0461,hypothetical protein/hypothetical protein,
199,U1,M,458052.0,0.0,0.0,0.0,0.0,1.0,0.0,0.0,0.0,0.0,0.0,0.912998676,0.0,0.0,0.0,0.0,0.0,46.0,0.0,SNP,A,G,G,intergenic,RA,MMP0460/MMP0461,hypothetical protein/hypothetical protein,
200,U1,M,458055.0,0.0,0.0,0.0,0.0,1.0,0.0,0.0,0.0,0.0,0.0,0.915425777,0.0,0.0,0.0,0.0,0.0,46.0,0.0,SNP,C,A,A,intergenic,RA,MMP0460/MMP0461,hypothetical protein/hypothetical protein,
201,U1,M,540893.0,0.0,0.898224831,1.0,1.0,1.0,0.0,0.0,0.898224831,0.998163223,0.994387627,0.99877739,0.0,0.0,766.0,2965.0,354.0,2961.0,0.0,SNP,A,G,G,nonsynonymous,RA,MMP0535,hypothetical protein,
202,U1,M,549777.0,0.0,0.0,0.0,1.0,1.0,1.0,0.0,0.0,0.0,0.951683998,0.999498367,1.0,0.0,0.0,0.0,1590.0,3389.0,34.0,SNP,T,C,C,nonsynonymous,RA,MMP0545,molybdopterin biosynthesis protein MoeA/LysR substrate binding-domain-containing protein,
203,U1,M,813545.0,0.0,0.0,0.0,0.0,1.0,0.0,0.0,0.0,0.0,0.0,0.992551804,0.0,0.0,0.0,0.0,0.0,3065.0,0.0,SNP,A,G,G,synonymous,RA,MMP0819,coenzyme F420-reducing hydrogenase subunit delta,
204,U1,M,1127479.0,0.0,0.0,0.503481865,1.0,1.0,1.0,0.0,0.0,0.503481865,1.0,0.998124123,1.0,0.0,0.0,3120.0,40.0,3030.0,6.0,SNP,C,T,T,nonsynonymous,RA,MMP1137,Lrp/AsnC family transcriptional regulator,
205,U1,M,1127550.0,0.0,0.0,0.296495914,0.0,0.0,0.0,0.0,0.0,0.296495914,0.0,0.0,0.0,0.0,0.0,3145.0,0.0,0.0,0.0,SNP,A,G,G,nonsynonymous,RA,MMP1137,Lrp/AsnC family transcriptional regulator,
206,U1,M,1151265.0,0.0,0.0,1.0,1.0,1.0,0.0,0.0,0.0,0.99841404,0.990718842,0.999178886,0.0,0.0,0.0,2894.0,107.0,2963.0,0.0,SNP,G,A,A,synonymous,RA,MMP1167,flavoprotein-like protein,
207,U1,M,1172958.0,0.0,1.0,1.0,1.0,1.0,1.0,0.0,0.988290787,0.99819088,1.0,0.998140335,1.0,0.0,846.0,3015.0,424.0,3050.0,10.0,SNP,C,A,A,nonsense,RA,MMP1190,FKBP-type peptidylprolyl isomerase,
208,U1,M,1220902.0,0.0,0.0,0.0,0.0,1.0,0.0,0.0,0.0,0.0,0.0,0.995974541,0.0,0.0,0.0,0.0,0.0,3380.0,0.0,SNP,T,C,C,synonymous,RA,MMP1233,formate dehydrogenase accessory protein FdhD,
209,U1,M,1418816.0,0.0,0.0,0.0,0.0,1.0,1.0,0.0,0.0,0.0,0.0,0.999782562,1.0,0.0,0.0,0.0,0.0,3270.0,26.0,SNP,A,T,T,nonsynonymous,RA,MMP1449,hypothetical protein,
210,U1,M,1469437.0,0.0,1.0,0.878119469,1.0,0.882537365,1.0,0.0,0.997185689,0.878119469,1.0,0.882537365,1.0,0.0,,3134.0,,3286.0,,INS,.,G,G,,RA,MMP1511,amino acid carrier protein,
211,U1,M,1473827.0,0.0,0.0,0.512962341,1.0,1.0,1.0,0.0,0.0,0.512962341,0.986811638,0.999764442,1.0,0.0,0.0,3238.0,1053.0,3325.0,14.0,SNP,C,T,T,nonsynonymous,RA,MMP1514,prephenate dehydrogenase,
212,U1,M,1557361.0,0.0,0.0,0.0,0.0,1.0,1.0,0.0,0.0,0.0,0.0,0.980219841,1.0,0.0,0.0,0.0,0.0,3083.0,13.0,INS,.,A,A,,RA,MMP1610,hypothetical protein,
213,U1,M,1558534.0,0.0,1.0,1.0,1.0,1.0,1.0,0.0,0.99719429,0.999542236,1.0,1.0,1.0,0.0,670.0,3320.0,329.0,3583.0,8.0,SNP,A,G,G,nonsynonymous,RA,MMP1611,hypothetical protein,
214,U1,M,1602264.0,0.0,0.0,0.30062055600000004,0.0,0.0,0.0,0.0,0.0,0.30062055600000004,0.0,0.0,0.0,0.0,0.0,3396.0,0.0,0.0,0.0,SNP,G,A,A,nonsynonymous,RA,MMP1657,hypothetical protein,
215,U2,M,,0.0,1.0,0.0,0.0,0.0,0.0,,,,,,,,,,,,,SNP,A,G,G,nonsynonymous,RA,MMP0234,hypothetical protein,241893.0
216,U2,M,,0.0,0.0,0.0,0.0,0.245389888,0.0,,,,,,,,,,,,,INS,NC_005791,308884,AAAATA,,JC,MMP0313/MMP0314,hypothetical protein/coenzyme F390 synthetase,308883.0
217,U2,M,,0.0,0.0,0.0,0.522946358,0.0,0.0,,,,,,,,,,,,,SNP,T,C,C,nonsynonymous,RA,MMP0419,sodium:neurotransmitter symporter,421150.0
218,U2,M,,0.0,0.0,1.0,1.0,1.0,1.0,,,,,,,,,,,,,SNP,G,A,A,nonsynonymous,RA,MMP0545,molybdopterin biosynthesis protein MoeA/LysR substrate binding-domain-containing protein,549508.0
219,U2,M,,0.0,0.0,1.0,1.0,1.0,0.0,,,,,,,,,,,,,SNP,T,C,C,nonsynonymous,RA,MMP0643,hypothetical protein,635445.0
220,U2,M,,0.0,0.0,0.0,1.0,0.0,0.0,,,,,,,,,,,,,DEL,C,.,1,,RA,MMP0775,hypothetical protein,766020.0
221,U2,M,,0.0,0.0,0.0,0.0,1.0,1.0,,,,,,,,,,,,,DEL,A,.,1,,RA,MMP0835,hypothetical protein,830775.0
222,U2,M,,0.0,0.0,1.0,1.0,1.0,0.0,,,,,,,,,,,,,SNP,A,G,G,nonsynonymous,RA,MMP1137,Lrp/AsnC family transcriptional regulator,1127578.0
223,U2,M,,0.0,1.0,1.0,1.0,1.0,0.0,,,,,,,,,,,,,INS,.,T,AT,,RA,MMP1190/MMP1191,"FKBP-type peptidylprolyl isomerase/N(5),N(10)-methenyltetrahydromethanopterin cyclohydrolase",1173020.0
224,U2,M,,0.0,1.0,1.0,1.0,1.0,0.0,,,,,,,,,,,,,SNP,G,A,A,nonsynonymous,RA,MMP1227,cobalt-precorrin-6Y C(5)-methyltransferase,1216666.0
225,U2,M,,0.0,0.0,1.0,0.0,0.0,0.0,,,,,,,,,,,,,SNP,C,T,T,nonsynonymous,RA,MMP1373,5-formaminoimidazole-4-carboxamide-1-(beta)-D- ribofuranosyl 5'-monophosphate synthetase,1354580.0
226,U2,M,,0.0,0.0,0.0,0.0,0.0,1.0,,,,,,,,,,,,,SNP,G,A,A,nonsynonymous,RA,MMP1466,CBS domain-containing signal transduction protein,1428279.0
227,U2,M,,0.0,0.0,0.0,0.0,1.0,1.0,,,,,,,,,,,,,INS,.,C,C,,RA,MMP1511,amino acid carrier protein,1469098.0
228,U5,M,,0.0,0.0,0.0,0.0,0.768494129,0.0,,,,,,,,,,,,,SNP,C,A,A,nonsense,RA,MMP0112,"2,3-bisphosphoglycerate-independent phosphoglycerate mutase 2",121615.0
229,U5,M,,0.0,0.0,0.0,0.0,0.0,1.0,,,,,,,,,,,,,SNP,G,T,T,nonsynonymous,RA,MMP0127,H(2)-dependent methylenetetrahydromethanopterin dehydrogenase,134616.0
230,U5,M,,0.0,0.0,0.0,0.217274666,0.0,0.0,,,,,,,,,,,,,SNP,C,T,T,nonsense,RA,MMP0209,hypothetical protein,216839.0
231,U5,M,,0.0,0.0,0.0,0.080124855,0.0,1.0,,,,,,,,,,,,,SNP,G,T,T,nonsense,RA,MMP0209,hypothetical protein,216866.0
232,U5,M,,0.0,0.0,0.0,0.206645489,0.0,0.0,,,,,,,,,,,,,SNP,G,A,A,nonsynonymous,RA,MMP0209,hypothetical protein,217025.0
233,U5,M,,0.0,0.0,0.0,0.297841549,1.0,0.0,,,,,,,,,,,,,SNP,G,T,T,nonsynonymous,RA,MMP0209,hypothetical protein,217088.0
234,U5,M,,0.0,0.0,0.0,0.0,0.536284447,0.0,,,,,,,,,,,,,SNP,C,A,A,nonsense,RA,MMP0232,hypothetical protein,240591.0
235,U5,M,,0.0,0.0,0.0,0.0,0.0,1.0,,,,,,,,,,,,,SNP,G,T,T,nonsynonymous,RA,MMP0294,Pyrrolo-quinoline quinone,295103.0
236,U5,M,,0.0,0.0,0.0,0.5890522,1.0,0.0,,,,,,,,,,,,,SNP,C,T,T,nonsense,RA,MMP0304,N-glycosylase/DNA lyase,302196.0
237,U5,M,,0.0,0.0,0.252592696,0.0,0.0,0.0,,,,,,,,,,,,,INS,NC_005791,308884,AAAATA,,JC,MMP0313/MMP0314,hypothetical protein/coenzyme F390 synthetase,308883.0
238,U5,M,,0.0,0.0,0.0,0.0,0.0,1.0,,,,,,,,,,,,,SNP,G,T,T,nonsynonymous,RA,MMP0327,thymidine phosphorylase,324623.0
239,U5,M,,0.0,0.0,0.0,0.0,0.74373579,0.0,,,,,,,,,,,,,SNP,C,A,A,synonymous,RA,MMP0371,hypothetical protein,368828.0
240,U5,M,,0.0,0.0,0.0,0.0,0.817335129,0.0,,,,,,,,,,,,,SNP,C,A,A,nonsynonymous,RA,MMP0383,S-layer protein,382118.0
241,U5,M,,0.0,0.0,1.0,1.0,1.0,1.0,,,,,,,,,,,,,SNP,T,G,G,nonsynonymous,RA,MMP0419,sodium:neurotransmitter symporter,421787.0
242,U5,M,,0.0,0.0,0.0,0.0,0.7318215370000001,0.0,,,,,,,,,,,,,SNP,G,T,T,nonsynonymous,RA,MMP0512,molybdenum containing formylmethanofuran dehydrogenase subunit B,517486.0
243,U5,M,,0.0,0.0,0.0,0.0,0.516596794,0.0,,,,,,,,,,,,,SNP,C,A,A,synonymous,RA,MMP0655,hypothetical protein,646890.0
244,U5,M,,0.0,0.0,0.0,1.0,1.0,1.0,,,,,,,,,,,,,SNP,G,T,T,nonsynonymous,RA,MMP0686,fructose-bisphosphate aldolase,674473.0
245,U5,M,,0.0,0.0,0.0,0.283895493,0.868750095,0.0,,,,,,,,,,,,,SNP,C,A,A,nonsynonymous,RA,MMP0706,NAD binding site:UDP-glucose/GDP-mannose dehydrogenase,697050.0
246,U5,M,,0.0,0.0,0.0,0.0,0.7562546729999999,0.0,,,,,,,,,,,,,SNP,C,A,A,nonsynonymous,RA,MMP0728,excinuclease ABC subunit C,720016.0
247,U5,M,,0.0,0.0,0.0,0.0,0.734976292,0.0,,,,,,,,,,,,,SNP,C,A,A,nonsense,RA,MMP0730,hypothetical protein,724036.0
248,U5,M,,0.0,0.0,0.0,0.621643543,1.0,1.0,,,,,,,,,,,,,SNP,G,T,T,nonsense,RA,MMP0802,Iron-containing alcohol dehydrogenase,795123.0
249,U5,M,,0.0,0.0,0.0,0.0,0.0,0.6842098240000001,,,,,,,,,,,,,SNP,G,T,T,nonsense,RA,MMP0807,carboxymuconolactone decarboxylase-like protein,799648.0
250,U5,M,,0.0,0.0,0.0,0.0,0.528978348,0.0,,,,,,,,,,,,,SNP,G,T,T,synonymous,RA,MMP0822,coenzyme F420-non-reducing hydrogenase subunit gamma,816634.0
251,U5,M,,0.0,0.0,0.0,0.0,0.0,1.0,,,,,,,,,,,,,SNP,G,T,T,synonymous,RA,MMP0926,response regulator receiver modulated CheB methylesterase,913944.0
252,U5,M,,0.0,0.0,1.0,1.0,1.0,1.0,,,,,,,,,,,,,SNP,A,C,C,nonsynonymous,RA,MMP1137,Lrp/AsnC family transcriptional regulator,1127625.0
253,U5,M,,0.0,0.0,0.0,0.0,0.751796246,0.0,,,,,,,,,,,,,SNP,G,T,T,synonymous,RA,MMP1166,iron-sulfur flavoprotein,1150669.0
254,U5,M,,0.0,0.0,1.0,1.0,1.0,1.0,,,,,,,,,,,,,DEL,NC_005791,1172821,189,,JC,MMP1190,FKBP-type peptidylprolyl isomerase,1172632.0
255,U5,M,,0.0,0.8969945909999999,0.0,0.0,0.0,0.0,,,,,,,,,,,,,DEL,AT,.,2,,RA,MMP1190/MMP1191,"FKBP-type peptidylprolyl isomerase/N(5),N(10)-methenyltetrahydromethanopterin cyclohydrolase",1173021.0
256,U5,M,,0.0,0.0,0.0,0.0,0.0,1.0,,,,,,,,,,,,,SNP,G,T,T,nonsynonymous,RA,MMP1252,CBS domain-containing protein,1235128.0
257,U5,M,,0.0,0.0,0.0,0.0,0.7207188609999999,0.0,,,,,,,,,,,,,SNP,C,A,A,nonsynonymous,RA,MMP1254,phosphoribosylaminoimidazole synthetase,1237906.0
258,U5,M,,0.0,0.0,0.0,0.0,0.49323368100000003,0.0,,,,,,,,,,,,,SNP,C,A,A,nonsynonymous,RA,MMP1293,group 1 glycosyl transferase,1277757.0
259,U5,M,,0.0,0.0,0.0,0.0,0.737800598,0.0,,,,,,,,,,,,,SNP,C,A,A,nonsynonymous,RA,MMP1325,30S ribosomal protein S9P,1308983.0
260,U5,M,,0.0,0.0,0.9007420540000001,1.0,1.0,1.0,,,,,,,,,,,,,DEL,C,.,1,,RA,MMP1511,amino acid carrier protein,1469195.0
261,U5,M,,0.0,0.201450825,0.0,0.0,0.0,0.0,,,,,,,,,,,,,SNP,C,T,T,nonsynonymous,RA,MMP1511,amino acid carrier protein,1469246.0
262,U5,M,,0.0,0.0,0.0,0.609580994,1.0,1.0,,,,,,,,,,,,,SNP,G,T,T,nonsynonymous,RA,MMP1519,anion transport system permease,1479090.0
263,U5,M,,0.0,0.0,0.0,0.0,0.512526035,0.0,,,,,,,,,,,,,SNP,C,A,A,nonsynonymous,RA,MMP1584,spermidine synthase,1534173.0
264,U5,M,,0.0,0.0,1.0,1.0,1.0,0.0,,,,,,,,,,,,,SNP,T,A,A,nonsynonymous,RA,MMP1611,hypothetical protein,1557938.0
265,U5,M,,0.0,0.0,0.0,0.0,0.0,1.0,,,,,,,,,,,,,SNP,C,A,A,nonsynonymous,RA,MMP1618,transcription initiation factor 2B subunit I,1564052.0
266,U5,M,,0.0,0.0,0.0,0.078087807,0.0,1.0,,,,,,,,,,,,,SNP,C,A,A,nonsynonymous,RA,MMP1649,ABC transporter ATPase,1590125.0
267,U5,M,,0.0,0.0,0.0,0.0,0.7147622109999999,0.0,,,,,,,,,,,,,SNP,G,T,T,nonsynonymous,RA,MMP1676,flagellar assembly protein J,1618735.0
268,U6,M,10158.0,0.0,0.0,0.0,0.644715748,0.0,0.0,0.0,0.0,0.0,0.644715748,0.0,0.0,0.0,0.0,0.0,,0.0,0.0,INS,NC_005791,10158,GTTCCTATGTAAGATATA,,JC,MMP0001,hypothetical protein,
269,U6,M,101162.0,0.0,0.0,0.0,0.0,1.0,0.0,0.0,0.0,0.0,0.0,0.994198799,0.0,0.0,0.0,0.0,0.0,1137.0,0.0,SNP,A,C,C,nonsynonymous,RA,MMP0090,glycosyl transferase,
270,U6,M,257825.0,0.0,0.0,0.0,0.0,0.0,0.479978085,0.0,0.0,0.0,0.0,0.0,0.479978085,0.0,0.0,0.0,0.0,0.0,25.0,SNP,A,G,G,nonsynonymous,RA,MMP0255,isoleucyl-tRNA synthetase-like protein,
271,U6,M,324555.0,0.0,0.0,0.0,0.0,0.913926601,0.0,0.0,0.0,0.0,0.0,0.913926601,0.0,0.0,0.0,0.0,0.0,1047.0,0.0,SNP,C,T,T,nonsynonymous,RA,MMP0327,thymidine phosphorylase,
272,U6,M,325387.0,0.0,0.0,0.0,0.0,0.0,1.0,0.0,0.0,0.0,0.0,0.0,1.0,0.0,0.0,0.0,0.0,0.0,6.0,SNP,G,A,A,nonsynonymous,RA,MMP0327,thymidine phosphorylase,
273,U6,M,420683.0,0.0,0.0,0.0,0.10905838,1.0,1.0,0.0,0.0,0.0,0.10905838,0.997097969,1.0,0.0,0.0,0.0,2038.0,1023.0,17.0,SNP,T,C,C,nonsynonymous,RA,MMP0419,sodium:neurotransmitter symporter,
274,U6,M,421594.0,0.0,0.0,0.0,0.8353605270000001,0.0,0.0,0.0,0.0,0.0,0.8353605270000001,0.0,0.0,0.0,0.0,0.0,2399.0,0.0,0.0,DEL,T,.,2,,RA,MMP0419,sodium:neurotransmitter symporter,
275,U6,M,421595.0,0.0,0.0,0.0,0.8405036929999999,0.0,0.0,0.0,0.0,0.0,0.8405036929999999,0.0,0.0,0.0,0.0,0.0,2387.0,0.0,0.0,DEL,G,.,1,,RA,MMP0419,sodium:neurotransmitter symporter,
276,U6,M,450780.0,0.0,0.0,1.0,1.0,1.0,1.0,0.0,0.0,0.992547035,1.0,0.993865967,1.0,0.0,0.0,1228.0,3218.0,1102.0,21.0,SNP,C,T,T,synonymous,RA,MMP0457,DEAD/DEAH box helicase domain-containing protein,
277,U6,M,456141.0,0.0,0.0,0.253676414,0.0,0.0,0.0,0.0,0.0,0.253676414,0.0,0.0,0.0,0.0,0.0,1170.0,0.0,0.0,0.0,SNP,T,C,C,intergenic,RA,MMP0459/MMP0460,hypothetical protein/hypothetical protein,
278,U6,M,962440.0,0.0,0.0,0.903480053,0.0,0.0,0.0,0.0,0.0,0.903480053,0.0,0.0,0.0,0.0,0.0,1093.0,0.0,0.0,0.0,SNP,C,A,A,intergenic,RA,MMP0975/MMP0976,molybdenum ABC transporter solute-binding protein/hypothetical protein,
279,U6,M,1019789.0,0.0,0.0,0.0,0.135474205,1.0,0.0,0.0,0.0,0.0,0.135474205,0.99643898,0.0,0.0,0.0,0.0,1059.0,1078.0,0.0,SNP,C,A,A,nonsynonymous,RA,MMP1028,hypothetical protein,
280,U6,M,1038177.0,0.0,0.0,0.0,0.0,0.0,1.0,0.0,0.0,0.0,0.0,0.0,0.809606552,0.0,0.0,0.0,0.0,0.0,42.0,SNP,A,G,G,synonymous,RA,MMP1044,V-type ATP synthase subunit A,
281,U6,M,1126491.0,0.0,0.0,0.0,0.0,0.0,1.0,0.0,0.0,0.0,0.0,0.0,1.0,0.0,0.0,0.0,0.0,0.0,25.0,SNP,C,T,T,nonsynonymous,RA,MMP1135,flavodoxin:beta-lactamase-like,
282,U6,M,1127523.0,0.0,0.0,0.0,0.0,1.0,0.0,0.0,0.0,0.0,0.0,0.975832939,0.0,0.0,0.0,0.0,0.0,1111.0,0.0,SNP,T,A,A,nonsynonymous,RA,MMP1137,Lrp/AsnC family transcriptional regulator,
283,U6,M,1127630.0,0.0,0.0,0.0,0.0,0.0,1.0,0.0,0.0,0.0,0.0,0.0,1.0,0.0,0.0,0.0,0.0,0.0,11.0,SNP,G,T,T,nonsynonymous,RA,MMP1137,Lrp/AsnC family transcriptional regulator,
284,U6,M,1127637.0,0.0,0.0,1.0,1.0,1.0,1.0,0.0,0.0,0.993419647,0.999414444,0.994768143,1.0,0.0,0.0,1156.0,1420.0,1116.0,12.0,SNP,G,A,A,nonsynonymous,RA,MMP1137,Lrp/AsnC family transcriptional regulator,
285,U6,M,1181742.0,0.0,0.0,0.0,0.0,0.0,0.71463728,0.0,0.0,0.0,0.0,0.0,0.71463728,0.0,0.0,0.0,0.0,0.0,77.0,SNP,T,G,G,synonymous,RA,MMP1194,triple helix repeat-containing collagen,
286,U6,M,1216666.0,0.0,1.0,1.0,1.0,1.0,0.0,0.0,0.8889484409999999,0.995202065,1.0,0.997145653,0.0,0.0,18.0,1206.0,530.0,1008.0,0.0,SNP,G,A,A,nonsynonymous,RA,MMP1227,cobalt-precorrin-6Y C(5)-methyltransferase,
287,U6,M,1220248.0,0.0,0.0,0.0,0.864091873,0.0,0.0,0.0,0.0,0.0,0.864091873,0.0,0.0,0.0,0.0,0.0,301.0,0.0,0.0,SNP,C,T,T,nonsynonymous,RA,MMP1232,PP-loop domain-containing protein,
288,U6,M,1286772.0,0.0,0.635782242,1.0,1.0,1.0,1.0,0.0,0.635782242,0.996243477,0.998984337,0.998327255,1.0,0.0,151.0,1267.0,2789.0,1102.0,9.0,SNP,G,A,A,synonymous,RA,MMP1300,hypothetical protein,
289,U6,M,1289430.0,0.0,0.0,0.872795105,0.0,0.0,0.0,0.0,0.0,0.872795105,0.0,0.0,0.0,0.0,0.0,1383.0,0.0,0.0,0.0,SNP,A,G,G,nonsynonymous,RA,MMP1303,sensory transduction histidine kinase,
290,U6,M,1427508.0,0.0,0.0,0.0,0.0,0.0,1.0,0.0,0.0,0.0,0.0,0.0,1.0,0.0,0.0,0.0,0.0,0.0,19.0,SNP,T,A,A,nonsynonymous,RA,MMP1465,hypothetical protein,
291,U6,M,1469499.0,0.0,0.0,0.0,0.0,1.0,1.0,0.0,0.0,0.0,0.0,0.994180679,1.0,0.0,0.0,0.0,0.0,1031.0,37.0,DEL,C,.,1,,RA,MMP1511,amino acid carrier protein,
292,U6,M,1469821.0,0.0,0.0,0.0,1.0,0.0,0.0,0.0,0.0,0.0,0.858784676,0.0,0.0,0.0,0.0,0.0,1565.0,0.0,0.0,DEL,A,.,1,,RA,MMP1511,amino acid carrier protein,
293,U6,M,1478507.0,0.0,0.0,0.0,1.0,1.0,0.0,0.0,0.0,0.0,1.0,0.99460125,0.0,0.0,0.0,0.0,1706.0,1066.0,0.0,SNP,A,G,G,nonsynonymous,RA,MMP1518,sulfate/molybdate ABC-transporter ATPase subunit,
294,U6,M,1529074.0,0.0,0.0,0.0,0.0,0.0,1.0,0.0,0.0,0.0,0.0,0.0,0.6923532490000001,0.0,0.0,0.0,0.0,0.0,13.0,SNP,G,A,A,nonsynonymous,RA,MMP1579,30S ribosomal protein S15P,
295,U6,M,1556908.0,0.0,0.0,0.0,0.0,0.923257351,0.0,0.0,0.0,0.0,0.0,0.923257351,0.0,0.0,0.0,0.0,0.0,1055.0,0.0,SNP,C,A,A,nonsynonymous,RA,MMP1609,formylmethanofuran--tetrahydromethanopterin formyltransferase,
296,U6,M,1648281.0,0.0,1.0,1.0,1.0,1.0,0.0,0.0,0.911196232,0.997321129,1.0,0.995765686,0.0,0.0,45.0,1364.0,1237.0,1031.0,0.0,SNP,G,A,A,nonsynonymous,RA,MMP1710,hypothetical protein,
